date,category,item,unit,market,price_type,price,yesterday_price,week_avg,daily_change
2026-06-16,GENERAL,Apple (Imp),Rs./Each,Pettah/Peliyagoda,Retail,215.0,,215.0,
2026-06-17,GENERAL,Apple (Imp),Rs./Each,Pettah/Peliyagoda,Retail,215.0,215.0,215.0,0.0
2026-06-18,GENERAL,Apple (Imp),Rs./Each,Pettah/Peliyagoda,Retail,215.0,215.0,215.0,0.0
2026-06-19,GENERAL,Apple (Imp),Rs./Each,Pettah/Peliyagoda,Retail,215.0,215.0,215.0,0.0
2026-06-21,GENERAL,Apple (Imp),Rs./Each,Pettah/Peliyagoda,Retail,215.0,215.0,215.0,0.0
2026-06-22,GENERAL,Apple (Imp),Rs./Each,Pettah/Peliyagoda,Retail,195.0,215.0,211.66666666666666,-20.0
2026-06-16,GENERAL,Balaya,Rs./kg,Pettah/Peliyagoda,Wholesale,1400.0,,1400.0,
2026-06-17,GENERAL,Balaya,Rs./kg,Pettah/Peliyagoda,Wholesale,1300.0,1400.0,1350.0,-100.0
2026-06-18,GENERAL,Balaya,Rs./kg,Pettah/Peliyagoda,Wholesale,1500.0,1300.0,1400.0,200.0
2026-06-19,GENERAL,Balaya,Rs./kg,Pettah/Peliyagoda,Wholesale,1400.0,1500.0,1400.0,-100.0
2026-06-21,GENERAL,Balaya,Rs./kg,Pettah/Peliyagoda,Wholesale,1400.0,1400.0,1400.0,0.0
2026-06-22,GENERAL,Balaya,Rs./kg,Pettah/Peliyagoda,Wholesale,1400.0,1400.0,1400.0,0.0
2026-06-16,GENERAL,Banana (Sour),Rs./kg,Dambulla/Negombo,Retail,90.0,,90.0,
2026-06-17,GENERAL,Banana (Sour),Rs./kg,Dambulla/Negombo,Retail,100.0,90.0,95.0,10.0
2026-06-18,GENERAL,Banana (Sour),Rs./kg,Dambulla/Negombo,Retail,115.0,100.0,101.66666666666667,15.0
2026-06-19,GENERAL,Banana (Sour),Rs./kg,Dambulla/Negombo,Retail,105.0,115.0,102.5,-10.0
2026-06-21,GENERAL,Banana (Sour),Rs./kg,Dambulla/Negombo,Retail,105.0,105.0,103.0,0.0
2026-06-22,GENERAL,Banana (Sour),Rs./kg,Dambulla/Negombo,Retail,115.0,105.0,105.0,10.0
2026-06-16,GENERAL,Banana (Sour),Rs./kg,Dambulla/Negombo,Wholesale,60.0,,60.0,
2026-06-17,GENERAL,Banana (Sour),Rs./kg,Dambulla/Negombo,Wholesale,70.0,60.0,65.0,10.0
2026-06-18,GENERAL,Banana (Sour),Rs./kg,Dambulla/Negombo,Wholesale,85.0,70.0,71.66666666666667,15.0
2026-06-19,GENERAL,Banana (Sour),Rs./kg,Dambulla/Negombo,Wholesale,75.0,85.0,72.5,-10.0
2026-06-21,GENERAL,Banana (Sour),Rs./kg,Dambulla/Negombo,Wholesale,75.0,75.0,73.0,0.0
2026-06-22,GENERAL,Banana (Sour),Rs./kg,Dambulla/Negombo,Wholesale,85.0,75.0,75.0,10.0
2026-06-16,GENERAL,Banana (Sour),Rs./kg,Pettah/Peliyagoda,Retail,150.0,,150.0,
2026-06-17,GENERAL,Banana (Sour),Rs./kg,Pettah/Peliyagoda,Retail,150.0,150.0,150.0,0.0
2026-06-18,GENERAL,Banana (Sour),Rs./kg,Pettah/Peliyagoda,Retail,150.0,150.0,150.0,0.0
2026-06-19,GENERAL,Banana (Sour),Rs./kg,Pettah/Peliyagoda,Retail,150.0,150.0,150.0,0.0
2026-06-21,GENERAL,Banana (Sour),Rs./kg,Pettah/Peliyagoda,Retail,150.0,150.0,150.0,0.0
2026-06-22,GENERAL,Banana (Sour),Rs./kg,Pettah/Peliyagoda,Retail,150.0,150.0,150.0,0.0
2026-06-16,GENERAL,Banana (Sour),Rs./kg,Pettah/Peliyagoda,Wholesale,100.0,,100.0,
2026-06-17,GENERAL,Banana (Sour),Rs./kg,Pettah/Peliyagoda,Wholesale,100.0,100.0,100.0,0.0
2026-06-18,GENERAL,Banana (Sour),Rs./kg,Pettah/Peliyagoda,Wholesale,100.0,100.0,100.0,0.0
2026-06-19,GENERAL,Banana (Sour),Rs./kg,Pettah/Peliyagoda,Wholesale,100.0,100.0,100.0,0.0
2026-06-21,GENERAL,Banana (Sour),Rs./kg,Pettah/Peliyagoda,Wholesale,100.0,100.0,100.0,0.0
2026-06-22,GENERAL,Banana (Sour),Rs./kg,Pettah/Peliyagoda,Wholesale,100.0,100.0,100.0,0.0
2026-06-16,GENERAL,Beans,Rs./kg,Dambulla/Negombo,Retail,470.0,,470.0,
2026-06-17,GENERAL,Beans,Rs./kg,Dambulla/Negombo,Retail,480.0,470.0,475.0,10.0
2026-06-18,GENERAL,Beans,Rs./kg,Dambulla/Negombo,Retail,480.0,480.0,476.6666666666667,0.0
2026-06-19,GENERAL,Beans,Rs./kg,Dambulla/Negombo,Retail,345.0,480.0,443.75,-135.0
2026-06-21,GENERAL,Beans,Rs./kg,Dambulla/Negombo,Retail,345.0,345.0,424.0,0.0
2026-06-22,GENERAL,Beans,Rs./kg,Dambulla/Negombo,Retail,430.0,345.0,425.0,85.0
2026-06-16,GENERAL,Beans,Rs./kg,Dambulla/Negombo,Wholesale,440.0,,440.0,
2026-06-17,GENERAL,Beans,Rs./kg,Dambulla/Negombo,Wholesale,450.0,440.0,445.0,10.0
2026-06-18,GENERAL,Beans,Rs./kg,Dambulla/Negombo,Wholesale,450.0,450.0,446.6666666666667,0.0
2026-06-19,GENERAL,Beans,Rs./kg,Dambulla/Negombo,Wholesale,315.0,450.0,413.75,-135.0
2026-06-21,GENERAL,Beans,Rs./kg,Dambulla/Negombo,Wholesale,315.0,315.0,394.0,0.0
2026-06-22,GENERAL,Beans,Rs./kg,Dambulla/Negombo,Wholesale,400.0,315.0,395.0,85.0
2026-06-16,GENERAL,Beans,Rs./kg,Pettah/Peliyagoda,Retail,600.0,,600.0,
2026-06-17,GENERAL,Beans,Rs./kg,Pettah/Peliyagoda,Retail,550.0,600.0,575.0,-50.0
2026-06-18,GENERAL,Beans,Rs./kg,Pettah/Peliyagoda,Retail,500.0,550.0,550.0,-50.0
2026-06-19,GENERAL,Beans,Rs./kg,Pettah/Peliyagoda,Retail,400.0,500.0,512.5,-100.0
2026-06-21,GENERAL,Beans,Rs./kg,Pettah/Peliyagoda,Retail,400.0,400.0,490.0,0.0
2026-06-22,GENERAL,Beans,Rs./kg,Pettah/Peliyagoda,Retail,500.0,400.0,491.6666666666667,100.0
2026-06-16,GENERAL,Beans,Rs./kg,Pettah/Peliyagoda,Wholesale,550.0,,550.0,
2026-06-17,GENERAL,Beans,Rs./kg,Pettah/Peliyagoda,Wholesale,500.0,550.0,525.0,-50.0
2026-06-18,GENERAL,Beans,Rs./kg,Pettah/Peliyagoda,Wholesale,450.0,500.0,500.0,-50.0
2026-06-19,GENERAL,Beans,Rs./kg,Pettah/Peliyagoda,Wholesale,350.0,450.0,462.5,-100.0
2026-06-21,GENERAL,Beans,Rs./kg,Pettah/Peliyagoda,Wholesale,350.0,350.0,440.0,0.0
2026-06-22,GENERAL,Beans,Rs./kg,Pettah/Peliyagoda,Wholesale,450.0,350.0,441.6666666666667,100.0
2026-06-16,GENERAL,Big Onion (Imp),Rs./kg,Dambulla/Negombo,Retail,185.0,,185.0,
2026-06-17,GENERAL,Big Onion (Imp),Rs./kg,Dambulla/Negombo,Retail,175.0,185.0,180.0,-10.0
2026-06-18,GENERAL,Big Onion (Imp),Rs./kg,Dambulla/Negombo,Retail,185.0,175.0,181.66666666666666,10.0
2026-06-19,GENERAL,Big Onion (Imp),Rs./kg,Dambulla/Negombo,Retail,183.0,185.0,182.0,-2.0
2026-06-21,GENERAL,Big Onion (Imp),Rs./kg,Dambulla/Negombo,Retail,183.0,183.0,182.2,0.0
2026-06-22,GENERAL,Big Onion (Imp),Rs./kg,Dambulla/Negombo,Retail,188.0,183.0,183.16666666666666,5.0
2026-06-16,GENERAL,Big Onion (Imp),Rs./kg,Dambulla/Negombo,Wholesale,165.0,,165.0,
2026-06-17,GENERAL,Big Onion (Imp),Rs./kg,Dambulla/Negombo,Wholesale,155.0,165.0,160.0,-10.0
2026-06-18,GENERAL,Big Onion (Imp),Rs./kg,Dambulla/Negombo,Wholesale,165.0,155.0,161.66666666666666,10.0
2026-06-19,GENERAL,Big Onion (Imp),Rs./kg,Dambulla/Negombo,Wholesale,163.0,165.0,162.0,-2.0
2026-06-21,GENERAL,Big Onion (Imp),Rs./kg,Dambulla/Negombo,Wholesale,163.0,163.0,162.2,0.0
2026-06-22,GENERAL,Big Onion (Imp),Rs./kg,Dambulla/Negombo,Wholesale,168.0,163.0,163.16666666666666,5.0
2026-06-16,GENERAL,Big Onion (Imp),Rs./kg,Pettah/Peliyagoda,Retail,203.0,,203.0,
2026-06-17,GENERAL,Big Onion (Imp),Rs./kg,Pettah/Peliyagoda,Retail,200.0,203.0,201.5,-3.0
2026-06-18,GENERAL,Big Onion (Imp),Rs./kg,Pettah/Peliyagoda,Retail,203.0,200.0,202.0,3.0
2026-06-19,GENERAL,Big Onion (Imp),Rs./kg,Pettah/Peliyagoda,Retail,200.0,203.0,201.5,-3.0
2026-06-21,GENERAL,Big Onion (Imp),Rs./kg,Pettah/Peliyagoda,Retail,200.0,200.0,201.2,0.0
2026-06-22,GENERAL,Big Onion (Imp),Rs./kg,Pettah/Peliyagoda,Retail,198.0,200.0,200.66666666666666,-2.0
2026-06-16,GENERAL,Big Onion (Imp),Rs./kg,Pettah/Peliyagoda,Wholesale,162.0,,162.0,
2026-06-17,GENERAL,Big Onion (Imp),Rs./kg,Pettah/Peliyagoda,Wholesale,157.0,162.0,159.5,-5.0
2026-06-18,GENERAL,Big Onion (Imp),Rs./kg,Pettah/Peliyagoda,Wholesale,159.0,157.0,159.33333333333334,2.0
2026-06-19,GENERAL,Big Onion (Imp),Rs./kg,Pettah/Peliyagoda,Wholesale,163.0,159.0,160.25,4.0
2026-06-21,GENERAL,Big Onion (Imp),Rs./kg,Pettah/Peliyagoda,Wholesale,163.0,163.0,160.8,0.0
2026-06-22,GENERAL,Big Onion (Imp),Rs./kg,Pettah/Peliyagoda,Wholesale,152.0,163.0,159.33333333333334,-11.0
2026-06-16,GENERAL,Brinjal,Rs./kg,Dambulla/Negombo,Retail,170.0,,170.0,
2026-06-17,GENERAL,Brinjal,Rs./kg,Dambulla/Negombo,Retail,195.0,170.0,182.5,25.0
2026-06-18,GENERAL,Brinjal,Rs./kg,Dambulla/Negombo,Retail,195.0,195.0,186.66666666666666,0.0
2026-06-19,GENERAL,Brinjal,Rs./kg,Dambulla/Negombo,Retail,195.0,195.0,188.75,0.0
2026-06-21,GENERAL,Brinjal,Rs./kg,Dambulla/Negombo,Retail,195.0,195.0,190.0,0.0
2026-06-22,GENERAL,Brinjal,Rs./kg,Dambulla/Negombo,Retail,185.0,195.0,189.16666666666666,-10.0
2026-06-16,GENERAL,Brinjal,Rs./kg,Dambulla/Negombo,Wholesale,140.0,,140.0,
2026-06-17,GENERAL,Brinjal,Rs./kg,Dambulla/Negombo,Wholesale,165.0,140.0,152.5,25.0
2026-06-18,GENERAL,Brinjal,Rs./kg,Dambulla/Negombo,Wholesale,165.0,165.0,156.66666666666666,0.0
2026-06-19,GENERAL,Brinjal,Rs./kg,Dambulla/Negombo,Wholesale,165.0,165.0,158.75,0.0
2026-06-21,GENERAL,Brinjal,Rs./kg,Dambulla/Negombo,Wholesale,165.0,165.0,160.0,0.0
2026-06-22,GENERAL,Brinjal,Rs./kg,Dambulla/Negombo,Wholesale,155.0,165.0,159.16666666666666,-10.0
2026-06-16,GENERAL,Brinjal,Rs./kg,Pettah/Peliyagoda,Retail,300.0,,300.0,
2026-06-17,GENERAL,Brinjal,Rs./kg,Pettah/Peliyagoda,Retail,300.0,300.0,300.0,0.0
2026-06-18,GENERAL,Brinjal,Rs./kg,Pettah/Peliyagoda,Retail,300.0,300.0,300.0,0.0
2026-06-19,GENERAL,Brinjal,Rs./kg,Pettah/Peliyagoda,Retail,300.0,300.0,300.0,0.0
2026-06-21,GENERAL,Brinjal,Rs./kg,Pettah/Peliyagoda,Retail,300.0,300.0,300.0,0.0
2026-06-22,GENERAL,Brinjal,Rs./kg,Pettah/Peliyagoda,Retail,250.0,300.0,291.6666666666667,-50.0
2026-06-16,GENERAL,Brinjal,Rs./kg,Pettah/Peliyagoda,Wholesale,250.0,,250.0,
2026-06-17,GENERAL,Brinjal,Rs./kg,Pettah/Peliyagoda,Wholesale,250.0,250.0,250.0,0.0
2026-06-18,GENERAL,Brinjal,Rs./kg,Pettah/Peliyagoda,Wholesale,250.0,250.0,250.0,0.0
2026-06-19,GENERAL,Brinjal,Rs./kg,Pettah/Peliyagoda,Wholesale,250.0,250.0,250.0,0.0
2026-06-21,GENERAL,Brinjal,Rs./kg,Pettah/Peliyagoda,Wholesale,250.0,250.0,250.0,0.0
2026-06-22,GENERAL,Brinjal,Rs./kg,Pettah/Peliyagoda,Wholesale,200.0,250.0,241.66666666666666,-50.0
2026-06-16,GENERAL,Cabbage,Rs./kg,Dambulla/Negombo,Retail,155.0,,155.0,
2026-06-17,GENERAL,Cabbage,Rs./kg,Dambulla/Negombo,Retail,145.0,155.0,150.0,-10.0
2026-06-18,GENERAL,Cabbage,Rs./kg,Dambulla/Negombo,Retail,145.0,145.0,148.33333333333334,0.0
2026-06-19,GENERAL,Cabbage,Rs./kg,Dambulla/Negombo,Retail,165.0,145.0,152.5,20.0
2026-06-21,GENERAL,Cabbage,Rs./kg,Dambulla/Negombo,Retail,165.0,165.0,155.0,0.0
2026-06-22,GENERAL,Cabbage,Rs./kg,Dambulla/Negombo,Retail,135.0,165.0,151.66666666666666,-30.0
2026-06-16,GENERAL,Cabbage,Rs./kg,Dambulla/Negombo,Wholesale,125.0,,125.0,
2026-06-17,GENERAL,Cabbage,Rs./kg,Dambulla/Negombo,Wholesale,115.0,125.0,120.0,-10.0
2026-06-18,GENERAL,Cabbage,Rs./kg,Dambulla/Negombo,Wholesale,115.0,115.0,118.33333333333333,0.0
2026-06-19,GENERAL,Cabbage,Rs./kg,Dambulla/Negombo,Wholesale,135.0,115.0,122.5,20.0
2026-06-21,GENERAL,Cabbage,Rs./kg,Dambulla/Negombo,Wholesale,135.0,135.0,125.0,0.0
2026-06-22,GENERAL,Cabbage,Rs./kg,Dambulla/Negombo,Wholesale,105.0,135.0,121.66666666666667,-30.0
2026-06-16,GENERAL,Cabbage,Rs./kg,Pettah/Peliyagoda,Retail,170.0,,170.0,
2026-06-17,GENERAL,Cabbage,Rs./kg,Pettah/Peliyagoda,Retail,180.0,170.0,175.0,10.0
2026-06-18,GENERAL,Cabbage,Rs./kg,Pettah/Peliyagoda,Retail,150.0,180.0,166.66666666666666,-30.0
2026-06-19,GENERAL,Cabbage,Rs./kg,Pettah/Peliyagoda,Retail,150.0,150.0,162.5,0.0
2026-06-21,GENERAL,Cabbage,Rs./kg,Pettah/Peliyagoda,Retail,150.0,150.0,160.0,0.0
2026-06-22,GENERAL,Cabbage,Rs./kg,Pettah/Peliyagoda,Retail,150.0,150.0,158.33333333333334,0.0
2026-06-16,GENERAL,Cabbage,Rs./kg,Pettah/Peliyagoda,Wholesale,100.0,,100.0,
2026-06-17,GENERAL,Cabbage,Rs./kg,Pettah/Peliyagoda,Wholesale,100.0,100.0,100.0,0.0
2026-06-18,GENERAL,Cabbage,Rs./kg,Pettah/Peliyagoda,Wholesale,100.0,100.0,100.0,0.0
2026-06-19,GENERAL,Cabbage,Rs./kg,Pettah/Peliyagoda,Wholesale,100.0,100.0,100.0,0.0
2026-06-21,GENERAL,Cabbage,Rs./kg,Pettah/Peliyagoda,Wholesale,100.0,100.0,100.0,0.0
2026-06-22,GENERAL,Cabbage,Rs./kg,Pettah/Peliyagoda,Wholesale,100.0,100.0,100.0,0.0
2026-06-16,GENERAL,Carrot,Rs./kg,Dambulla/Negombo,Retail,320.0,,320.0,
2026-06-17,GENERAL,Carrot,Rs./kg,Dambulla/Negombo,Retail,295.0,320.0,307.5,-25.0
2026-06-18,GENERAL,Carrot,Rs./kg,Dambulla/Negombo,Retail,320.0,295.0,311.6666666666667,25.0
2026-06-19,GENERAL,Carrot,Rs./kg,Dambulla/Negombo,Retail,285.0,320.0,305.0,-35.0
2026-06-21,GENERAL,Carrot,Rs./kg,Dambulla/Negombo,Retail,285.0,285.0,301.0,0.0
2026-06-22,GENERAL,Carrot,Rs./kg,Dambulla/Negombo,Retail,295.0,285.0,300.0,10.0
2026-06-16,GENERAL,Carrot,Rs./kg,Dambulla/Negombo,Wholesale,290.0,,290.0,
2026-06-17,GENERAL,Carrot,Rs./kg,Dambulla/Negombo,Wholesale,265.0,290.0,277.5,-25.0
2026-06-18,GENERAL,Carrot,Rs./kg,Dambulla/Negombo,Wholesale,290.0,265.0,281.6666666666667,25.0
2026-06-19,GENERAL,Carrot,Rs./kg,Dambulla/Negombo,Wholesale,255.0,290.0,275.0,-35.0
2026-06-21,GENERAL,Carrot,Rs./kg,Dambulla/Negombo,Wholesale,255.0,255.0,271.0,0.0
2026-06-22,GENERAL,Carrot,Rs./kg,Dambulla/Negombo,Wholesale,265.0,255.0,270.0,10.0
2026-06-16,GENERAL,Carrot,Rs./kg,Pettah/Peliyagoda,Retail,350.0,,350.0,
2026-06-17,GENERAL,Carrot,Rs./kg,Pettah/Peliyagoda,Retail,350.0,350.0,350.0,0.0
2026-06-18,GENERAL,Carrot,Rs./kg,Pettah/Peliyagoda,Retail,400.0,350.0,366.6666666666667,50.0
2026-06-19,GENERAL,Carrot,Rs./kg,Pettah/Peliyagoda,Retail,400.0,400.0,375.0,0.0
2026-06-21,GENERAL,Carrot,Rs./kg,Pettah/Peliyagoda,Retail,400.0,400.0,380.0,0.0
2026-06-22,GENERAL,Carrot,Rs./kg,Pettah/Peliyagoda,Retail,350.0,400.0,375.0,-50.0
2026-06-16,GENERAL,Carrot,Rs./kg,Pettah/Peliyagoda,Wholesale,300.0,,300.0,
2026-06-17,GENERAL,Carrot,Rs./kg,Pettah/Peliyagoda,Wholesale,300.0,300.0,300.0,0.0
2026-06-18,GENERAL,Carrot,Rs./kg,Pettah/Peliyagoda,Wholesale,350.0,300.0,316.6666666666667,50.0
2026-06-19,GENERAL,Carrot,Rs./kg,Pettah/Peliyagoda,Wholesale,350.0,350.0,325.0,0.0
2026-06-21,GENERAL,Carrot,Rs./kg,Pettah/Peliyagoda,Wholesale,350.0,350.0,330.0,0.0
2026-06-22,GENERAL,Carrot,Rs./kg,Pettah/Peliyagoda,Wholesale,300.0,350.0,325.0,-50.0
2026-06-16,GENERAL,Coconut (Avg.),Rs./Nut,Dambulla/Negombo,Retail,110.0,,110.0,
2026-06-17,GENERAL,Coconut (Avg.),Rs./Nut,Dambulla/Negombo,Retail,110.0,110.0,110.0,0.0
2026-06-18,GENERAL,Coconut (Avg.),Rs./Nut,Dambulla/Negombo,Retail,110.0,110.0,110.0,0.0
2026-06-19,GENERAL,Coconut (Avg.),Rs./Nut,Dambulla/Negombo,Retail,120.0,110.0,112.5,10.0
2026-06-21,GENERAL,Coconut (Avg.),Rs./Nut,Dambulla/Negombo,Retail,120.0,120.0,114.0,0.0
2026-06-22,GENERAL,Coconut (Avg.),Rs./Nut,Dambulla/Negombo,Retail,110.0,120.0,113.33333333333333,-10.0
2026-06-16,GENERAL,Coconut (Avg.),Rs./Nut,Dambulla/Negombo,Wholesale,105.0,,105.0,
2026-06-17,GENERAL,Coconut (Avg.),Rs./Nut,Dambulla/Negombo,Wholesale,105.0,105.0,105.0,0.0
2026-06-18,GENERAL,Coconut (Avg.),Rs./Nut,Dambulla/Negombo,Wholesale,105.0,105.0,105.0,0.0
2026-06-19,GENERAL,Coconut (Avg.),Rs./Nut,Dambulla/Negombo,Wholesale,115.0,105.0,107.5,10.0
2026-06-21,GENERAL,Coconut (Avg.),Rs./Nut,Dambulla/Negombo,Wholesale,115.0,115.0,109.0,0.0
2026-06-22,GENERAL,Coconut (Avg.),Rs./Nut,Dambulla/Negombo,Wholesale,105.0,115.0,108.33333333333333,-10.0
2026-06-16,GENERAL,Coconut (Avg.),Rs./Nut,Pettah/Peliyagoda,Retail,158.0,,158.0,
2026-06-17,GENERAL,Coconut (Avg.),Rs./Nut,Pettah/Peliyagoda,Retail,158.0,158.0,158.0,0.0
2026-06-18,GENERAL,Coconut (Avg.),Rs./Nut,Pettah/Peliyagoda,Retail,160.0,158.0,158.66666666666666,2.0
2026-06-19,GENERAL,Coconut (Avg.),Rs./Nut,Pettah/Peliyagoda,Retail,160.0,160.0,159.0,0.0
2026-06-21,GENERAL,Coconut (Avg.),Rs./Nut,Pettah/Peliyagoda,Retail,160.0,160.0,159.2,0.0
2026-06-22,GENERAL,Coconut (Avg.),Rs./Nut,Pettah/Peliyagoda,Retail,155.0,160.0,158.5,-5.0
2026-06-16,GENERAL,Coconut (Avg.),Rs./Nut,Pettah/Peliyagoda,Wholesale,120.0,,120.0,
2026-06-17,GENERAL,Coconut (Avg.),Rs./Nut,Pettah/Peliyagoda,Wholesale,120.0,120.0,120.0,0.0
2026-06-18,GENERAL,Coconut (Avg.),Rs./Nut,Pettah/Peliyagoda,Wholesale,125.0,120.0,121.66666666666667,5.0
2026-06-19,GENERAL,Coconut (Avg.),Rs./Nut,Pettah/Peliyagoda,Wholesale,133.0,125.0,124.5,8.0
2026-06-21,GENERAL,Coconut (Avg.),Rs./Nut,Pettah/Peliyagoda,Wholesale,133.0,133.0,126.2,0.0
2026-06-22,GENERAL,Coconut (Avg.),Rs./Nut,Pettah/Peliyagoda,Wholesale,120.0,133.0,125.16666666666667,-13.0
2026-06-16,GENERAL,Coconut oil,Rs./Ltr,Pettah/Peliyagoda,Retail,897.0,,897.0,
2026-06-17,GENERAL,Coconut oil,Rs./Ltr,Pettah/Peliyagoda,Retail,897.0,897.0,897.0,0.0
2026-06-18,GENERAL,Coconut oil,Rs./Ltr,Pettah/Peliyagoda,Retail,897.0,897.0,897.0,0.0
2026-06-19,GENERAL,Coconut oil,Rs./Ltr,Pettah/Peliyagoda,Retail,897.0,897.0,897.0,0.0
2026-06-21,GENERAL,Coconut oil,Rs./Ltr,Pettah/Peliyagoda,Retail,897.0,897.0,897.0,0.0
2026-06-22,GENERAL,Coconut oil,Rs./Ltr,Pettah/Peliyagoda,Retail,887.0,897.0,895.3333333333334,-10.0
2026-06-16,GENERAL,Coconut oil,Rs./Ltr,Pettah/Peliyagoda,Wholesale,832.0,,832.0,
2026-06-17,GENERAL,Coconut oil,Rs./Ltr,Pettah/Peliyagoda,Wholesale,832.0,832.0,832.0,0.0
2026-06-18,GENERAL,Coconut oil,Rs./Ltr,Pettah/Peliyagoda,Wholesale,835.0,832.0,833.0,3.0
2026-06-19,GENERAL,Coconut oil,Rs./Ltr,Pettah/Peliyagoda,Wholesale,839.0,835.0,834.5,4.0
2026-06-21,GENERAL,Coconut oil,Rs./Ltr,Pettah/Peliyagoda,Wholesale,839.0,839.0,835.4,0.0
2026-06-22,GENERAL,Coconut oil,Rs./Ltr,Pettah/Peliyagoda,Wholesale,822.0,839.0,833.1666666666666,-17.0
2026-06-16,GENERAL,Dried Chilli (Imp),Rs./kg,Dambulla/Negombo,Retail,1068.0,,1068.0,
2026-06-17,GENERAL,Dried Chilli (Imp),Rs./kg,Dambulla/Negombo,Retail,1105.0,1068.0,1086.5,37.0
2026-06-18,GENERAL,Dried Chilli (Imp),Rs./kg,Dambulla/Negombo,Retail,1105.0,1105.0,1092.6666666666667,0.0
2026-06-19,GENERAL,Dried Chilli (Imp),Rs./kg,Dambulla/Negombo,Retail,1105.0,1105.0,1095.75,0.0
2026-06-21,GENERAL,Dried Chilli (Imp),Rs./kg,Dambulla/Negombo,Retail,1105.0,1105.0,1097.6,0.0
2026-06-22,GENERAL,Dried Chilli (Imp),Rs./kg,Dambulla/Negombo,Retail,1105.0,1105.0,1098.8333333333333,0.0
2026-06-16,GENERAL,Dried Chilli (Imp),Rs./kg,Dambulla/Negombo,Wholesale,1038.0,,1038.0,
2026-06-17,GENERAL,Dried Chilli (Imp),Rs./kg,Dambulla/Negombo,Wholesale,1075.0,1038.0,1056.5,37.0
2026-06-18,GENERAL,Dried Chilli (Imp),Rs./kg,Dambulla/Negombo,Wholesale,1075.0,1075.0,1062.6666666666667,0.0
2026-06-19,GENERAL,Dried Chilli (Imp),Rs./kg,Dambulla/Negombo,Wholesale,1075.0,1075.0,1065.75,0.0
2026-06-21,GENERAL,Dried Chilli (Imp),Rs./kg,Dambulla/Negombo,Wholesale,1075.0,1075.0,1067.6,0.0
2026-06-22,GENERAL,Dried Chilli (Imp),Rs./kg,Dambulla/Negombo,Wholesale,1075.0,1075.0,1068.8333333333333,0.0
2026-06-16,GENERAL,Dried Chilli (Imp),Rs./kg,Pettah/Peliyagoda,Retail,1083.0,,1083.0,
2026-06-17,GENERAL,Dried Chilli (Imp),Rs./kg,Pettah/Peliyagoda,Retail,1083.0,1083.0,1083.0,0.0
2026-06-18,GENERAL,Dried Chilli (Imp),Rs./kg,Pettah/Peliyagoda,Retail,1083.0,1083.0,1083.0,0.0
2026-06-19,GENERAL,Dried Chilli (Imp),Rs./kg,Pettah/Peliyagoda,Retail,1083.0,1083.0,1083.0,0.0
2026-06-21,GENERAL,Dried Chilli (Imp),Rs./kg,Pettah/Peliyagoda,Retail,1083.0,1083.0,1083.0,0.0
2026-06-22,GENERAL,Dried Chilli (Imp),Rs./kg,Pettah/Peliyagoda,Retail,1083.0,1083.0,1083.0,0.0
2026-06-16,GENERAL,Dried Chilli (Imp),Rs./kg,Pettah/Peliyagoda,Wholesale,1020.0,,1020.0,
2026-06-17,GENERAL,Dried Chilli (Imp),Rs./kg,Pettah/Peliyagoda,Wholesale,996.0,1020.0,1008.0,-24.0
2026-06-18,GENERAL,Dried Chilli (Imp),Rs./kg,Pettah/Peliyagoda,Wholesale,1002.0,996.0,1006.0,6.0
2026-06-19,GENERAL,Dried Chilli (Imp),Rs./kg,Pettah/Peliyagoda,Wholesale,998.0,1002.0,1004.0,-4.0
2026-06-21,GENERAL,Dried Chilli (Imp),Rs./kg,Pettah/Peliyagoda,Wholesale,998.0,998.0,1002.8,0.0
2026-06-22,GENERAL,Dried Chilli (Imp),Rs./kg,Pettah/Peliyagoda,Wholesale,1034.0,998.0,1008.0,36.0
2026-06-16,GENERAL,Egg (White),Rs./Each,Pettah/Peliyagoda,Retail,37.0,,37.0,
2026-06-17,GENERAL,Egg (White),Rs./Each,Pettah/Peliyagoda,Retail,37.0,37.0,37.0,0.0
2026-06-18,GENERAL,Egg (White),Rs./Each,Pettah/Peliyagoda,Retail,37.0,37.0,37.0,0.0
2026-06-19,GENERAL,Egg (White),Rs./Each,Pettah/Peliyagoda,Retail,37.0,37.0,37.0,0.0
2026-06-21,GENERAL,Egg (White),Rs./Each,Pettah/Peliyagoda,Retail,37.0,37.0,37.0,0.0
2026-06-22,GENERAL,Egg (White),Rs./Each,Pettah/Peliyagoda,Retail,36.0,37.0,36.833333333333336,-1.0
2026-06-16,GENERAL,Egg (White),Rs./Each,Pettah/Peliyagoda,Wholesale,35.0,,35.0,
2026-06-17,GENERAL,Egg (White),Rs./Each,Pettah/Peliyagoda,Wholesale,35.0,35.0,35.0,0.0
2026-06-18,GENERAL,Egg (White),Rs./Each,Pettah/Peliyagoda,Wholesale,35.0,35.0,35.0,0.0
2026-06-19,GENERAL,Egg (White),Rs./Each,Pettah/Peliyagoda,Wholesale,35.0,35.0,35.0,0.0
2026-06-21,GENERAL,Egg (White),Rs./Each,Pettah/Peliyagoda,Wholesale,35.0,35.0,35.0,0.0
2026-06-22,GENERAL,Egg (White),Rs./Each,Pettah/Peliyagoda,Wholesale,35.0,35.0,35.0,0.0
2026-06-16,GENERAL,Green Chilli,Rs./kg,Dambulla/Negombo,Retail,480.0,,480.0,
2026-06-17,GENERAL,Green Chilli,Rs./kg,Dambulla/Negombo,Retail,530.0,480.0,505.0,50.0
2026-06-18,GENERAL,Green Chilli,Rs./kg,Dambulla/Negombo,Retail,555.0,530.0,521.6666666666666,25.0
2026-06-19,GENERAL,Green Chilli,Rs./kg,Dambulla/Negombo,Retail,595.0,555.0,540.0,40.0
2026-06-21,GENERAL,Green Chilli,Rs./kg,Dambulla/Negombo,Retail,595.0,595.0,551.0,0.0
2026-06-22,GENERAL,Green Chilli,Rs./kg,Dambulla/Negombo,Retail,580.0,595.0,555.8333333333334,-15.0
2026-06-16,GENERAL,Green Chilli,Rs./kg,Dambulla/Negombo,Wholesale,450.0,,450.0,
2026-06-17,GENERAL,Green Chilli,Rs./kg,Dambulla/Negombo,Wholesale,500.0,450.0,475.0,50.0
2026-06-18,GENERAL,Green Chilli,Rs./kg,Dambulla/Negombo,Wholesale,525.0,500.0,491.6666666666667,25.0
2026-06-19,GENERAL,Green Chilli,Rs./kg,Dambulla/Negombo,Wholesale,565.0,525.0,510.0,40.0
2026-06-21,GENERAL,Green Chilli,Rs./kg,Dambulla/Negombo,Wholesale,565.0,565.0,521.0,0.0
2026-06-22,GENERAL,Green Chilli,Rs./kg,Dambulla/Negombo,Wholesale,550.0,565.0,525.8333333333334,-15.0
2026-06-16,GENERAL,Green Chilli,Rs./kg,Pettah/Peliyagoda,Retail,750.0,,750.0,
2026-06-17,GENERAL,Green Chilli,Rs./kg,Pettah/Peliyagoda,Retail,800.0,750.0,775.0,50.0
2026-06-18,GENERAL,Green Chilli,Rs./kg,Pettah/Peliyagoda,Retail,700.0,800.0,750.0,-100.0
2026-06-19,GENERAL,Green Chilli,Rs./kg,Pettah/Peliyagoda,Retail,700.0,700.0,737.5,0.0
2026-06-21,GENERAL,Green Chilli,Rs./kg,Pettah/Peliyagoda,Retail,700.0,700.0,730.0,0.0
2026-06-22,GENERAL,Green Chilli,Rs./kg,Pettah/Peliyagoda,Retail,700.0,700.0,725.0,0.0
2026-06-16,GENERAL,Green Chilli,Rs./kg,Pettah/Peliyagoda,Wholesale,650.0,,650.0,
2026-06-17,GENERAL,Green Chilli,Rs./kg,Pettah/Peliyagoda,Wholesale,700.0,650.0,675.0,50.0
2026-06-18,GENERAL,Green Chilli,Rs./kg,Pettah/Peliyagoda,Wholesale,600.0,700.0,650.0,-100.0
2026-06-19,GENERAL,Green Chilli,Rs./kg,Pettah/Peliyagoda,Wholesale,600.0,600.0,637.5,0.0
2026-06-21,GENERAL,Green Chilli,Rs./kg,Pettah/Peliyagoda,Wholesale,600.0,600.0,630.0,0.0
2026-06-22,GENERAL,Green Chilli,Rs./kg,Pettah/Peliyagoda,Wholesale,600.0,600.0,625.0,0.0
2026-06-16,GENERAL,Hurulla,Rs./kg,Dambulla/Negombo,Retail,1500.0,,1500.0,
2026-06-17,GENERAL,Hurulla,Rs./kg,Dambulla/Negombo,Retail,1500.0,1500.0,1500.0,0.0
2026-06-18,GENERAL,Hurulla,Rs./kg,Dambulla/Negombo,Retail,1500.0,1500.0,1500.0,0.0
2026-06-19,GENERAL,Hurulla,Rs./kg,Dambulla/Negombo,Retail,1500.0,1500.0,1500.0,0.0
2026-06-21,GENERAL,Hurulla,Rs./kg,Dambulla/Negombo,Retail,1500.0,1500.0,1500.0,0.0
2026-06-22,GENERAL,Hurulla,Rs./kg,Dambulla/Negombo,Retail,1500.0,1500.0,1500.0,0.0
2026-06-16,GENERAL,Hurulla,Rs./kg,Dambulla/Negombo,Wholesale,1220.0,,1220.0,
2026-06-17,GENERAL,Hurulla,Rs./kg,Dambulla/Negombo,Wholesale,1220.0,1220.0,1220.0,0.0
2026-06-18,GENERAL,Hurulla,Rs./kg,Dambulla/Negombo,Wholesale,1220.0,1220.0,1220.0,0.0
2026-06-19,GENERAL,Hurulla,Rs./kg,Dambulla/Negombo,Wholesale,1220.0,1220.0,1220.0,0.0
2026-06-21,GENERAL,Hurulla,Rs./kg,Dambulla/Negombo,Wholesale,1220.0,1220.0,1220.0,0.0
2026-06-22,GENERAL,Hurulla,Rs./kg,Dambulla/Negombo,Wholesale,1220.0,1220.0,1220.0,0.0
2026-06-16,GENERAL,Hurulla,Rs./kg,Pettah/Peliyagoda,Wholesale,1100.0,,1100.0,
2026-06-17,GENERAL,Hurulla,Rs./kg,Pettah/Peliyagoda,Wholesale,1100.0,1100.0,1100.0,0.0
2026-06-18,GENERAL,Hurulla,Rs./kg,Pettah/Peliyagoda,Wholesale,1200.0,1100.0,1133.3333333333333,100.0
2026-06-19,GENERAL,Hurulla,Rs./kg,Pettah/Peliyagoda,Wholesale,1200.0,1200.0,1150.0,0.0
2026-06-21,GENERAL,Hurulla,Rs./kg,Pettah/Peliyagoda,Wholesale,1200.0,1200.0,1160.0,0.0
2026-06-22,GENERAL,Hurulla,Rs./kg,Pettah/Peliyagoda,Wholesale,1400.0,1200.0,1200.0,200.0
2026-06-16,GENERAL,Katta (Imp),Rs./kg,Pettah/Peliyagoda,Retail,2783.0,,2783.0,
2026-06-17,GENERAL,Katta (Imp),Rs./kg,Pettah/Peliyagoda,Retail,2783.0,2783.0,2783.0,0.0
2026-06-18,GENERAL,Katta (Imp),Rs./kg,Pettah/Peliyagoda,Retail,2783.0,2783.0,2783.0,0.0
2026-06-19,GENERAL,Katta (Imp),Rs./kg,Pettah/Peliyagoda,Retail,2783.0,2783.0,2783.0,0.0
2026-06-21,GENERAL,Katta (Imp),Rs./kg,Pettah/Peliyagoda,Retail,2783.0,2783.0,2783.0,0.0
2026-06-22,GENERAL,Katta (Imp),Rs./kg,Pettah/Peliyagoda,Retail,2783.0,2783.0,2783.0,0.0
2026-06-16,GENERAL,Katta (Imp),Rs./kg,Pettah/Peliyagoda,Wholesale,2138.0,,2138.0,
2026-06-17,GENERAL,Katta (Imp),Rs./kg,Pettah/Peliyagoda,Wholesale,2233.0,2138.0,2185.5,95.0
2026-06-18,GENERAL,Katta (Imp),Rs./kg,Pettah/Peliyagoda,Wholesale,2233.0,2233.0,2201.3333333333335,0.0
2026-06-19,GENERAL,Katta (Imp),Rs./kg,Pettah/Peliyagoda,Wholesale,2138.0,2233.0,2185.5,-95.0
2026-06-21,GENERAL,Katta (Imp),Rs./kg,Pettah/Peliyagoda,Wholesale,2138.0,2138.0,2176.0,0.0
2026-06-22,GENERAL,Katta (Imp),Rs./kg,Pettah/Peliyagoda,Wholesale,2138.0,2138.0,2169.6666666666665,0.0
2026-06-16,GENERAL,Kekulu (Red),Rs./kg,Dambulla/Negombo,Retail,225.0,,225.0,
2026-06-17,GENERAL,Kekulu (Red),Rs./kg,Dambulla/Negombo,Retail,225.0,225.0,225.0,0.0
2026-06-18,GENERAL,Kekulu (Red),Rs./kg,Dambulla/Negombo,Retail,225.0,225.0,225.0,0.0
2026-06-19,GENERAL,Kekulu (Red),Rs./kg,Dambulla/Negombo,Retail,225.0,225.0,225.0,0.0
2026-06-21,GENERAL,Kekulu (Red),Rs./kg,Dambulla/Negombo,Retail,225.0,225.0,225.0,0.0
2026-06-22,GENERAL,Kekulu (Red),Rs./kg,Dambulla/Negombo,Retail,225.0,225.0,225.0,0.0
2026-06-16,GENERAL,Kekulu (Red),Rs./kg,Dambulla/Negombo,Wholesale,189.0,,189.0,
2026-06-17,GENERAL,Kekulu (Red),Rs./kg,Dambulla/Negombo,Wholesale,189.0,189.0,189.0,0.0
2026-06-18,GENERAL,Kekulu (Red),Rs./kg,Dambulla/Negombo,Wholesale,189.0,189.0,189.0,0.0
2026-06-19,GENERAL,Kekulu (Red),Rs./kg,Dambulla/Negombo,Wholesale,197.0,189.0,191.0,8.0
2026-06-21,GENERAL,Kekulu (Red),Rs./kg,Dambulla/Negombo,Wholesale,197.0,197.0,192.2,0.0
2026-06-22,GENERAL,Kekulu (Red),Rs./kg,Dambulla/Negombo,Wholesale,188.0,197.0,191.5,-9.0
2026-06-16,GENERAL,Kekulu (Red),Rs./kg,Pettah/Peliyagoda,Retail,197.0,,197.0,
2026-06-17,GENERAL,Kekulu (Red),Rs./kg,Pettah/Peliyagoda,Retail,197.0,197.0,197.0,0.0
2026-06-18,GENERAL,Kekulu (Red),Rs./kg,Pettah/Peliyagoda,Retail,197.0,197.0,197.0,0.0
2026-06-19,GENERAL,Kekulu (Red),Rs./kg,Pettah/Peliyagoda,Retail,197.0,197.0,197.0,0.0
2026-06-21,GENERAL,Kekulu (Red),Rs./kg,Pettah/Peliyagoda,Retail,197.0,197.0,197.0,0.0
2026-06-22,GENERAL,Kekulu (Red),Rs./kg,Pettah/Peliyagoda,Retail,197.0,197.0,197.0,0.0
2026-06-16,GENERAL,Kekulu (Red),Rs./kg,Pettah/Peliyagoda,Wholesale,172.0,,172.0,
2026-06-17,GENERAL,Kekulu (Red),Rs./kg,Pettah/Peliyagoda,Wholesale,172.0,172.0,172.0,0.0
2026-06-18,GENERAL,Kekulu (Red),Rs./kg,Pettah/Peliyagoda,Wholesale,172.0,172.0,172.0,0.0
2026-06-19,GENERAL,Kekulu (Red),Rs./kg,Pettah/Peliyagoda,Wholesale,172.0,172.0,172.0,0.0
2026-06-21,GENERAL,Kekulu (Red),Rs./kg,Pettah/Peliyagoda,Wholesale,172.0,172.0,172.0,0.0
2026-06-22,GENERAL,Kekulu (Red),Rs./kg,Pettah/Peliyagoda,Wholesale,172.0,172.0,172.0,0.0
2026-06-16,GENERAL,Kekulu (White),Rs./kg,Dambulla/Negombo,Retail,225.0,,225.0,
2026-06-17,GENERAL,Kekulu (White),Rs./kg,Dambulla/Negombo,Retail,225.0,225.0,225.0,0.0
2026-06-18,GENERAL,Kekulu (White),Rs./kg,Dambulla/Negombo,Retail,225.0,225.0,225.0,0.0
2026-06-19,GENERAL,Kekulu (White),Rs./kg,Dambulla/Negombo,Retail,225.0,225.0,225.0,0.0
2026-06-21,GENERAL,Kekulu (White),Rs./kg,Dambulla/Negombo,Retail,225.0,225.0,225.0,0.0
2026-06-22,GENERAL,Kekulu (White),Rs./kg,Dambulla/Negombo,Retail,225.0,225.0,225.0,0.0
2026-06-16,GENERAL,Kekulu (White),Rs./kg,Dambulla/Negombo,Wholesale,188.0,,188.0,
2026-06-17,GENERAL,Kekulu (White),Rs./kg,Dambulla/Negombo,Wholesale,188.0,188.0,188.0,0.0
2026-06-18,GENERAL,Kekulu (White),Rs./kg,Dambulla/Negombo,Wholesale,188.0,188.0,188.0,0.0
2026-06-19,GENERAL,Kekulu (White),Rs./kg,Dambulla/Negombo,Wholesale,192.0,188.0,189.0,4.0
2026-06-21,GENERAL,Kekulu (White),Rs./kg,Dambulla/Negombo,Wholesale,192.0,192.0,189.6,0.0
2026-06-22,GENERAL,Kekulu (White),Rs./kg,Dambulla/Negombo,Wholesale,194.0,192.0,190.33333333333334,2.0
2026-06-16,GENERAL,Kekulu (White),Rs./kg,Pettah/Peliyagoda,Retail,210.0,,210.0,
2026-06-17,GENERAL,Kekulu (White),Rs./kg,Pettah/Peliyagoda,Retail,210.0,210.0,210.0,0.0
2026-06-18,GENERAL,Kekulu (White),Rs./kg,Pettah/Peliyagoda,Retail,210.0,210.0,210.0,0.0
2026-06-19,GENERAL,Kekulu (White),Rs./kg,Pettah/Peliyagoda,Retail,210.0,210.0,210.0,0.0
2026-06-21,GENERAL,Kekulu (White),Rs./kg,Pettah/Peliyagoda,Retail,210.0,210.0,210.0,0.0
2026-06-22,GENERAL,Kekulu (White),Rs./kg,Pettah/Peliyagoda,Retail,210.0,210.0,210.0,0.0
2026-06-16,GENERAL,Kekulu (White),Rs./kg,Pettah/Peliyagoda,Wholesale,193.0,,193.0,
2026-06-17,GENERAL,Kekulu (White),Rs./kg,Pettah/Peliyagoda,Wholesale,193.0,193.0,193.0,0.0
2026-06-18,GENERAL,Kekulu (White),Rs./kg,Pettah/Peliyagoda,Wholesale,193.0,193.0,193.0,0.0
2026-06-19,GENERAL,Kekulu (White),Rs./kg,Pettah/Peliyagoda,Wholesale,193.0,193.0,193.0,0.0
2026-06-21,GENERAL,Kekulu (White),Rs./kg,Pettah/Peliyagoda,Wholesale,193.0,193.0,193.0,0.0
2026-06-22,GENERAL,Kekulu (White),Rs./kg,Pettah/Peliyagoda,Wholesale,193.0,193.0,193.0,0.0
2026-06-16,GENERAL,Kelawalla,Rs./kg,Dambulla/Negombo,Retail,2480.0,,2480.0,
2026-06-17,GENERAL,Kelawalla,Rs./kg,Dambulla/Negombo,Retail,2480.0,2480.0,2480.0,0.0
2026-06-18,GENERAL,Kelawalla,Rs./kg,Dambulla/Negombo,Retail,2480.0,2480.0,2480.0,0.0
2026-06-19,GENERAL,Kelawalla,Rs./kg,Dambulla/Negombo,Retail,2480.0,2480.0,2480.0,0.0
2026-06-21,GENERAL,Kelawalla,Rs./kg,Dambulla/Negombo,Retail,2480.0,2480.0,2480.0,0.0
2026-06-22,GENERAL,Kelawalla,Rs./kg,Dambulla/Negombo,Retail,2480.0,2480.0,2480.0,0.0
2026-06-16,GENERAL,Kelawalla,Rs./kg,Dambulla/Negombo,Wholesale,1650.0,,1650.0,
2026-06-17,GENERAL,Kelawalla,Rs./kg,Dambulla/Negombo,Wholesale,1650.0,1650.0,1650.0,0.0
2026-06-18,GENERAL,Kelawalla,Rs./kg,Dambulla/Negombo,Wholesale,1650.0,1650.0,1650.0,0.0
2026-06-19,GENERAL,Kelawalla,Rs./kg,Dambulla/Negombo,Wholesale,1650.0,1650.0,1650.0,0.0
2026-06-21,GENERAL,Kelawalla,Rs./kg,Dambulla/Negombo,Wholesale,1650.0,1650.0,1650.0,0.0
2026-06-22,GENERAL,Kelawalla,Rs./kg,Dambulla/Negombo,Wholesale,1650.0,1650.0,1650.0,0.0
2026-06-16,GENERAL,Kelawalla,Rs./kg,Pettah/Peliyagoda,Wholesale,2000.0,,2000.0,
2026-06-17,GENERAL,Kelawalla,Rs./kg,Pettah/Peliyagoda,Wholesale,2000.0,2000.0,2000.0,0.0
2026-06-18,GENERAL,Kelawalla,Rs./kg,Pettah/Peliyagoda,Wholesale,2000.0,2000.0,2000.0,0.0
2026-06-19,GENERAL,Kelawalla,Rs./kg,Pettah/Peliyagoda,Wholesale,2000.0,2000.0,2000.0,0.0
2026-06-21,GENERAL,Kelawalla,Rs./kg,Pettah/Peliyagoda,Wholesale,2000.0,2000.0,2000.0,0.0
2026-06-22,GENERAL,Kelawalla,Rs./kg,Pettah/Peliyagoda,Wholesale,1800.0,2000.0,1966.6666666666667,-200.0
2026-06-16,GENERAL,Lime,Rs./kg,Dambulla/Negombo,Retail,365.0,,365.0,
2026-06-17,GENERAL,Lime,Rs./kg,Dambulla/Negombo,Retail,415.0,365.0,390.0,50.0
2026-06-18,GENERAL,Lime,Rs./kg,Dambulla/Negombo,Retail,355.0,415.0,378.3333333333333,-60.0
2026-06-19,GENERAL,Lime,Rs./kg,Dambulla/Negombo,Retail,355.0,355.0,372.5,0.0
2026-06-21,GENERAL,Lime,Rs./kg,Dambulla/Negombo,Retail,355.0,355.0,369.0,0.0
2026-06-22,GENERAL,Lime,Rs./kg,Dambulla/Negombo,Retail,420.0,355.0,377.5,65.0
2026-06-16,GENERAL,Lime,Rs./kg,Dambulla/Negombo,Wholesale,335.0,,335.0,
2026-06-17,GENERAL,Lime,Rs./kg,Dambulla/Negombo,Wholesale,385.0,335.0,360.0,50.0
2026-06-18,GENERAL,Lime,Rs./kg,Dambulla/Negombo,Wholesale,325.0,385.0,348.3333333333333,-60.0
2026-06-19,GENERAL,Lime,Rs./kg,Dambulla/Negombo,Wholesale,325.0,325.0,342.5,0.0
2026-06-21,GENERAL,Lime,Rs./kg,Dambulla/Negombo,Wholesale,325.0,325.0,339.0,0.0
2026-06-22,GENERAL,Lime,Rs./kg,Dambulla/Negombo,Wholesale,390.0,325.0,347.5,65.0
2026-06-16,GENERAL,Lime,Rs./kg,Pettah/Peliyagoda,Retail,700.0,,700.0,
2026-06-17,GENERAL,Lime,Rs./kg,Pettah/Peliyagoda,Retail,700.0,700.0,700.0,0.0
2026-06-18,GENERAL,Lime,Rs./kg,Pettah/Peliyagoda,Retail,700.0,700.0,700.0,0.0
2026-06-19,GENERAL,Lime,Rs./kg,Pettah/Peliyagoda,Retail,500.0,700.0,650.0,-200.0
2026-06-21,GENERAL,Lime,Rs./kg,Pettah/Peliyagoda,Retail,500.0,500.0,620.0,0.0
2026-06-22,GENERAL,Lime,Rs./kg,Pettah/Peliyagoda,Retail,500.0,500.0,600.0,0.0
2026-06-16,GENERAL,Lime,Rs./kg,Pettah/Peliyagoda,Wholesale,600.0,,600.0,
2026-06-17,GENERAL,Lime,Rs./kg,Pettah/Peliyagoda,Wholesale,600.0,600.0,600.0,0.0
2026-06-18,GENERAL,Lime,Rs./kg,Pettah/Peliyagoda,Wholesale,600.0,600.0,600.0,0.0
2026-06-19,GENERAL,Lime,Rs./kg,Pettah/Peliyagoda,Wholesale,400.0,600.0,550.0,-200.0
2026-06-21,GENERAL,Lime,Rs./kg,Pettah/Peliyagoda,Wholesale,400.0,400.0,520.0,0.0
2026-06-22,GENERAL,Lime,Rs./kg,Pettah/Peliyagoda,Wholesale,450.0,400.0,508.3333333333333,50.0
2026-06-16,GENERAL,Linna,Rs./kg,Dambulla/Negombo,Retail,1400.0,,1400.0,
2026-06-17,GENERAL,Linna,Rs./kg,Dambulla/Negombo,Retail,1480.0,1400.0,1440.0,80.0
2026-06-18,GENERAL,Linna,Rs./kg,Dambulla/Negombo,Retail,1480.0,1480.0,1453.3333333333333,0.0
2026-06-19,GENERAL,Linna,Rs./kg,Dambulla/Negombo,Retail,1480.0,1480.0,1460.0,0.0
2026-06-21,GENERAL,Linna,Rs./kg,Dambulla/Negombo,Retail,1480.0,1480.0,1464.0,0.0
2026-06-22,GENERAL,Linna,Rs./kg,Dambulla/Negombo,Retail,1480.0,1480.0,1466.6666666666667,0.0
2026-06-16,GENERAL,Linna,Rs./kg,Dambulla/Negombo,Wholesale,1150.0,,1150.0,
2026-06-17,GENERAL,Linna,Rs./kg,Dambulla/Negombo,Wholesale,1260.0,1150.0,1205.0,110.0
2026-06-18,GENERAL,Linna,Rs./kg,Dambulla/Negombo,Wholesale,1250.0,1260.0,1220.0,-10.0
2026-06-19,GENERAL,Linna,Rs./kg,Dambulla/Negombo,Wholesale,1240.0,1250.0,1225.0,-10.0
2026-06-21,GENERAL,Linna,Rs./kg,Dambulla/Negombo,Wholesale,1240.0,1240.0,1228.0,0.0
2026-06-22,GENERAL,Linna,Rs./kg,Dambulla/Negombo,Wholesale,1270.0,1240.0,1235.0,30.0
2026-06-16,GENERAL,Linna,Rs./kg,Pettah/Peliyagoda,Wholesale,1400.0,,1400.0,
2026-06-17,GENERAL,Linna,Rs./kg,Pettah/Peliyagoda,Wholesale,1400.0,1400.0,1400.0,0.0
2026-06-18,GENERAL,Linna,Rs./kg,Pettah/Peliyagoda,Wholesale,1400.0,1400.0,1400.0,0.0
2026-06-19,GENERAL,Linna,Rs./kg,Pettah/Peliyagoda,Wholesale,1300.0,1400.0,1375.0,-100.0
2026-06-21,GENERAL,Linna,Rs./kg,Pettah/Peliyagoda,Wholesale,1300.0,1300.0,1360.0,0.0
2026-06-22,GENERAL,Linna,Rs./kg,Pettah/Peliyagoda,Wholesale,1250.0,1300.0,1341.6666666666667,-50.0
2026-06-16,GENERAL,Nadu,Rs./kg,Dambulla/Negombo,Retail,235.0,,235.0,
2026-06-17,GENERAL,Nadu,Rs./kg,Dambulla/Negombo,Retail,235.0,235.0,235.0,0.0
2026-06-18,GENERAL,Nadu,Rs./kg,Dambulla/Negombo,Retail,235.0,235.0,235.0,0.0
2026-06-19,GENERAL,Nadu,Rs./kg,Dambulla/Negombo,Retail,235.0,235.0,235.0,0.0
2026-06-21,GENERAL,Nadu,Rs./kg,Dambulla/Negombo,Retail,235.0,235.0,235.0,0.0
2026-06-22,GENERAL,Nadu,Rs./kg,Dambulla/Negombo,Retail,235.0,235.0,235.0,0.0
2026-06-16,GENERAL,Nadu,Rs./kg,Dambulla/Negombo,Wholesale,198.0,,198.0,
2026-06-17,GENERAL,Nadu,Rs./kg,Dambulla/Negombo,Wholesale,198.0,198.0,198.0,0.0
2026-06-18,GENERAL,Nadu,Rs./kg,Dambulla/Negombo,Wholesale,198.0,198.0,198.0,0.0
2026-06-19,GENERAL,Nadu,Rs./kg,Dambulla/Negombo,Wholesale,200.0,198.0,198.5,2.0
2026-06-21,GENERAL,Nadu,Rs./kg,Dambulla/Negombo,Wholesale,200.0,200.0,198.8,0.0
2026-06-22,GENERAL,Nadu,Rs./kg,Dambulla/Negombo,Wholesale,203.0,200.0,199.5,3.0
2026-06-16,GENERAL,Nadu,Rs./kg,Pettah/Peliyagoda,Retail,225.0,,225.0,
2026-06-17,GENERAL,Nadu,Rs./kg,Pettah/Peliyagoda,Retail,225.0,225.0,225.0,0.0
2026-06-18,GENERAL,Nadu,Rs./kg,Pettah/Peliyagoda,Retail,225.0,225.0,225.0,0.0
2026-06-19,GENERAL,Nadu,Rs./kg,Pettah/Peliyagoda,Retail,225.0,225.0,225.0,0.0
2026-06-21,GENERAL,Nadu,Rs./kg,Pettah/Peliyagoda,Retail,225.0,225.0,225.0,0.0
2026-06-22,GENERAL,Nadu,Rs./kg,Pettah/Peliyagoda,Retail,225.0,225.0,225.0,0.0
2026-06-16,GENERAL,Nadu,Rs./kg,Pettah/Peliyagoda,Wholesale,203.0,,203.0,
2026-06-17,GENERAL,Nadu,Rs./kg,Pettah/Peliyagoda,Wholesale,203.0,203.0,203.0,0.0
2026-06-18,GENERAL,Nadu,Rs./kg,Pettah/Peliyagoda,Wholesale,203.0,203.0,203.0,0.0
2026-06-19,GENERAL,Nadu,Rs./kg,Pettah/Peliyagoda,Wholesale,203.0,203.0,203.0,0.0
2026-06-21,GENERAL,Nadu,Rs./kg,Pettah/Peliyagoda,Wholesale,203.0,203.0,203.0,0.0
2026-06-22,GENERAL,Nadu,Rs./kg,Pettah/Peliyagoda,Wholesale,203.0,203.0,203.0,0.0
2026-06-16,GENERAL,Orange (Imp),Rs./Each,Pettah/Peliyagoda,Retail,190.0,,190.0,
2026-06-17,GENERAL,Orange (Imp),Rs./Each,Pettah/Peliyagoda,Retail,190.0,190.0,190.0,0.0
2026-06-18,GENERAL,Orange (Imp),Rs./Each,Pettah/Peliyagoda,Retail,190.0,190.0,190.0,0.0
2026-06-19,GENERAL,Orange (Imp),Rs./Each,Pettah/Peliyagoda,Retail,190.0,190.0,190.0,0.0
2026-06-21,GENERAL,Orange (Imp),Rs./Each,Pettah/Peliyagoda,Retail,190.0,190.0,190.0,0.0
2026-06-22,GENERAL,Orange (Imp),Rs./Each,Pettah/Peliyagoda,Retail,180.0,190.0,188.33333333333334,-10.0
2026-06-16,GENERAL,Papaw,Rs./kg,Dambulla/Negombo,Retail,150.0,,150.0,
2026-06-17,GENERAL,Papaw,Rs./kg,Dambulla/Negombo,Retail,155.0,150.0,152.5,5.0
2026-06-18,GENERAL,Papaw,Rs./kg,Dambulla/Negombo,Retail,145.0,155.0,150.0,-10.0
2026-06-19,GENERAL,Papaw,Rs./kg,Dambulla/Negombo,Retail,135.0,145.0,146.25,-10.0
2026-06-21,GENERAL,Papaw,Rs./kg,Dambulla/Negombo,Retail,135.0,135.0,144.0,0.0
2026-06-22,GENERAL,Papaw,Rs./kg,Dambulla/Negombo,Retail,135.0,135.0,142.5,0.0
2026-06-16,GENERAL,Papaw,Rs./kg,Dambulla/Negombo,Wholesale,120.0,,120.0,
2026-06-17,GENERAL,Papaw,Rs./kg,Dambulla/Negombo,Wholesale,125.0,120.0,122.5,5.0
2026-06-18,GENERAL,Papaw,Rs./kg,Dambulla/Negombo,Wholesale,115.0,125.0,120.0,-10.0
2026-06-19,GENERAL,Papaw,Rs./kg,Dambulla/Negombo,Wholesale,105.0,115.0,116.25,-10.0
2026-06-21,GENERAL,Papaw,Rs./kg,Dambulla/Negombo,Wholesale,105.0,105.0,114.0,0.0
2026-06-22,GENERAL,Papaw,Rs./kg,Dambulla/Negombo,Wholesale,105.0,105.0,112.5,0.0
2026-06-16,GENERAL,Papaw,Rs./kg,Pettah/Peliyagoda,Retail,200.0,,200.0,
2026-06-17,GENERAL,Papaw,Rs./kg,Pettah/Peliyagoda,Retail,220.0,200.0,210.0,20.0
2026-06-18,GENERAL,Papaw,Rs./kg,Pettah/Peliyagoda,Retail,220.0,220.0,213.33333333333334,0.0
2026-06-19,GENERAL,Papaw,Rs./kg,Pettah/Peliyagoda,Retail,220.0,220.0,215.0,0.0
2026-06-21,GENERAL,Papaw,Rs./kg,Pettah/Peliyagoda,Retail,220.0,220.0,216.0,0.0
2026-06-22,GENERAL,Papaw,Rs./kg,Pettah/Peliyagoda,Retail,220.0,220.0,216.66666666666666,0.0
2026-06-16,GENERAL,Papaw,Rs./kg,Pettah/Peliyagoda,Wholesale,140.0,,140.0,
2026-06-17,GENERAL,Papaw,Rs./kg,Pettah/Peliyagoda,Wholesale,160.0,140.0,150.0,20.0
2026-06-18,GENERAL,Papaw,Rs./kg,Pettah/Peliyagoda,Wholesale,160.0,160.0,153.33333333333334,0.0
2026-06-19,GENERAL,Papaw,Rs./kg,Pettah/Peliyagoda,Wholesale,160.0,160.0,155.0,0.0
2026-06-21,GENERAL,Papaw,Rs./kg,Pettah/Peliyagoda,Wholesale,160.0,160.0,156.0,0.0
2026-06-22,GENERAL,Papaw,Rs./kg,Pettah/Peliyagoda,Wholesale,160.0,160.0,156.66666666666666,0.0
2026-06-16,GENERAL,Paraw,Rs./kg,Dambulla/Negombo,Retail,2600.0,,2600.0,
2026-06-17,GENERAL,Paraw,Rs./kg,Dambulla/Negombo,Retail,2850.0,2600.0,2725.0,250.0
2026-06-18,GENERAL,Paraw,Rs./kg,Dambulla/Negombo,Retail,2850.0,2850.0,2766.6666666666665,0.0
2026-06-19,GENERAL,Paraw,Rs./kg,Dambulla/Negombo,Retail,2850.0,2850.0,2787.5,0.0
2026-06-21,GENERAL,Paraw,Rs./kg,Dambulla/Negombo,Retail,2850.0,2850.0,2800.0,0.0
2026-06-22,GENERAL,Paraw,Rs./kg,Dambulla/Negombo,Retail,2850.0,2850.0,2808.3333333333335,0.0
2026-06-16,GENERAL,Paraw,Rs./kg,Dambulla/Negombo,Wholesale,1600.0,,1600.0,
2026-06-17,GENERAL,Paraw,Rs./kg,Dambulla/Negombo,Wholesale,1600.0,1600.0,1600.0,0.0
2026-06-18,GENERAL,Paraw,Rs./kg,Dambulla/Negombo,Wholesale,1600.0,1600.0,1600.0,0.0
2026-06-19,GENERAL,Paraw,Rs./kg,Dambulla/Negombo,Wholesale,1600.0,1600.0,1600.0,0.0
2026-06-21,GENERAL,Paraw,Rs./kg,Dambulla/Negombo,Wholesale,1600.0,1600.0,1600.0,0.0
2026-06-22,GENERAL,Paraw,Rs./kg,Dambulla/Negombo,Wholesale,1600.0,1600.0,1600.0,0.0
2026-06-16,GENERAL,Paraw,Rs./kg,Pettah/Peliyagoda,Wholesale,1600.0,,1600.0,
2026-06-17,GENERAL,Paraw,Rs./kg,Pettah/Peliyagoda,Wholesale,1700.0,1600.0,1650.0,100.0
2026-06-18,GENERAL,Paraw,Rs./kg,Pettah/Peliyagoda,Wholesale,1700.0,1700.0,1666.6666666666667,0.0
2026-06-19,GENERAL,Paraw,Rs./kg,Pettah/Peliyagoda,Wholesale,1700.0,1700.0,1675.0,0.0
2026-06-21,GENERAL,Paraw,Rs./kg,Pettah/Peliyagoda,Wholesale,1700.0,1700.0,1680.0,0.0
2026-06-22,GENERAL,Paraw,Rs./kg,Pettah/Peliyagoda,Wholesale,1600.0,1700.0,1666.6666666666667,-100.0
2026-06-16,GENERAL,Pineapple,Rs./kg,Dambulla/Negombo,Retail,235.0,,235.0,
2026-06-17,GENERAL,Pineapple,Rs./kg,Dambulla/Negombo,Retail,220.0,235.0,227.5,-15.0
2026-06-18,GENERAL,Pineapple,Rs./kg,Dambulla/Negombo,Retail,305.0,220.0,253.33333333333334,85.0
2026-06-19,GENERAL,Pineapple,Rs./kg,Dambulla/Negombo,Retail,230.0,305.0,247.5,-75.0
2026-06-21,GENERAL,Pineapple,Rs./kg,Dambulla/Negombo,Retail,230.0,230.0,244.0,0.0
2026-06-22,GENERAL,Pineapple,Rs./kg,Dambulla/Negombo,Retail,235.0,230.0,242.5,5.0
2026-06-16,GENERAL,Pineapple,Rs./kg,Dambulla/Negombo,Wholesale,205.0,,205.0,
2026-06-17,GENERAL,Pineapple,Rs./kg,Dambulla/Negombo,Wholesale,190.0,205.0,197.5,-15.0
2026-06-18,GENERAL,Pineapple,Rs./kg,Dambulla/Negombo,Wholesale,275.0,190.0,223.33333333333334,85.0
2026-06-19,GENERAL,Pineapple,Rs./kg,Dambulla/Negombo,Wholesale,200.0,275.0,217.5,-75.0
2026-06-21,GENERAL,Pineapple,Rs./kg,Dambulla/Negombo,Wholesale,200.0,200.0,214.0,0.0
2026-06-22,GENERAL,Pineapple,Rs./kg,Dambulla/Negombo,Wholesale,205.0,200.0,212.5,5.0
2026-06-16,GENERAL,Pineapple,Rs./kg,Pettah/Peliyagoda,Retail,275.0,,275.0,
2026-06-17,GENERAL,Pineapple,Rs./kg,Pettah/Peliyagoda,Retail,275.0,275.0,275.0,0.0
2026-06-18,GENERAL,Pineapple,Rs./kg,Pettah/Peliyagoda,Retail,225.0,275.0,258.3333333333333,-50.0
2026-06-19,GENERAL,Pineapple,Rs./kg,Pettah/Peliyagoda,Retail,225.0,225.0,250.0,0.0
2026-06-21,GENERAL,Pineapple,Rs./kg,Pettah/Peliyagoda,Retail,225.0,225.0,245.0,0.0
2026-06-22,GENERAL,Pineapple,Rs./kg,Pettah/Peliyagoda,Retail,225.0,225.0,241.66666666666666,0.0
2026-06-16,GENERAL,Ponni Samba (Imp),Rs./kg,Pettah/Peliyagoda,Retail,255.0,,255.0,
2026-06-17,GENERAL,Ponni Samba (Imp),Rs./kg,Pettah/Peliyagoda,Retail,255.0,255.0,255.0,0.0
2026-06-18,GENERAL,Ponni Samba (Imp),Rs./kg,Pettah/Peliyagoda,Retail,255.0,255.0,255.0,0.0
2026-06-19,GENERAL,Ponni Samba (Imp),Rs./kg,Pettah/Peliyagoda,Retail,255.0,255.0,255.0,0.0
2026-06-21,GENERAL,Ponni Samba (Imp),Rs./kg,Pettah/Peliyagoda,Retail,255.0,255.0,255.0,0.0
2026-06-22,GENERAL,Ponni Samba (Imp),Rs./kg,Pettah/Peliyagoda,Retail,253.0,255.0,254.66666666666666,-2.0
2026-06-16,GENERAL,Ponni Samba (Imp),Rs./kg,Pettah/Peliyagoda,Wholesale,238.0,,238.0,
2026-06-17,GENERAL,Ponni Samba (Imp),Rs./kg,Pettah/Peliyagoda,Wholesale,238.0,238.0,238.0,0.0
2026-06-18,GENERAL,Ponni Samba (Imp),Rs./kg,Pettah/Peliyagoda,Wholesale,238.0,238.0,238.0,0.0
2026-06-19,GENERAL,Ponni Samba (Imp),Rs./kg,Pettah/Peliyagoda,Wholesale,238.0,238.0,238.0,0.0
2026-06-21,GENERAL,Ponni Samba (Imp),Rs./kg,Pettah/Peliyagoda,Wholesale,238.0,238.0,238.0,0.0
2026-06-22,GENERAL,Ponni Samba (Imp),Rs./kg,Pettah/Peliyagoda,Wholesale,237.0,238.0,237.83333333333334,-1.0
2026-06-16,GENERAL,Potato (Imp),Rs./kg,Dambulla/Negombo,Retail,220.0,,220.0,
2026-06-17,GENERAL,Potato (Imp),Rs./kg,Dambulla/Negombo,Retail,198.0,220.0,209.0,-22.0
2026-06-18,GENERAL,Potato (Imp),Rs./kg,Dambulla/Negombo,Retail,200.0,198.0,206.0,2.0
2026-06-19,GENERAL,Potato (Imp),Rs./kg,Dambulla/Negombo,Retail,205.0,200.0,205.75,5.0
2026-06-21,GENERAL,Potato (Imp),Rs./kg,Dambulla/Negombo,Retail,205.0,205.0,205.6,0.0
2026-06-22,GENERAL,Potato (Imp),Rs./kg,Dambulla/Negombo,Retail,200.0,205.0,204.66666666666666,-5.0
2026-06-16,GENERAL,Potato (Imp),Rs./kg,Dambulla/Negombo,Wholesale,200.0,,200.0,
2026-06-17,GENERAL,Potato (Imp),Rs./kg,Dambulla/Negombo,Wholesale,178.0,200.0,189.0,-22.0
2026-06-18,GENERAL,Potato (Imp),Rs./kg,Dambulla/Negombo,Wholesale,180.0,178.0,186.0,2.0
2026-06-19,GENERAL,Potato (Imp),Rs./kg,Dambulla/Negombo,Wholesale,185.0,180.0,185.75,5.0
2026-06-21,GENERAL,Potato (Imp),Rs./kg,Dambulla/Negombo,Wholesale,185.0,185.0,185.6,0.0
2026-06-22,GENERAL,Potato (Imp),Rs./kg,Dambulla/Negombo,Wholesale,180.0,185.0,184.66666666666666,-5.0
2026-06-16,GENERAL,Potato (Imp),Rs./kg,Pettah/Peliyagoda,Retail,207.0,,207.0,
2026-06-17,GENERAL,Potato (Imp),Rs./kg,Pettah/Peliyagoda,Retail,210.0,207.0,208.5,3.0
2026-06-18,GENERAL,Potato (Imp),Rs./kg,Pettah/Peliyagoda,Retail,207.0,210.0,208.0,-3.0
2026-06-19,GENERAL,Potato (Imp),Rs./kg,Pettah/Peliyagoda,Retail,210.0,207.0,208.5,3.0
2026-06-21,GENERAL,Potato (Imp),Rs./kg,Pettah/Peliyagoda,Retail,210.0,210.0,208.8,0.0
2026-06-22,GENERAL,Potato (Imp),Rs./kg,Pettah/Peliyagoda,Retail,207.0,210.0,208.5,-3.0
2026-06-16,GENERAL,Potato (Imp),Rs./kg,Pettah/Peliyagoda,Wholesale,182.0,,182.0,
2026-06-17,GENERAL,Potato (Imp),Rs./kg,Pettah/Peliyagoda,Wholesale,182.0,182.0,182.0,0.0
2026-06-18,GENERAL,Potato (Imp),Rs./kg,Pettah/Peliyagoda,Wholesale,181.0,182.0,181.66666666666666,-1.0
2026-06-19,GENERAL,Potato (Imp),Rs./kg,Pettah/Peliyagoda,Wholesale,184.0,181.0,182.25,3.0
2026-06-21,GENERAL,Potato (Imp),Rs./kg,Pettah/Peliyagoda,Wholesale,184.0,184.0,182.6,0.0
2026-06-22,GENERAL,Potato (Imp),Rs./kg,Pettah/Peliyagoda,Wholesale,191.0,184.0,184.0,7.0
2026-06-16,GENERAL,Potato (Local),Rs./kg,Dambulla/Negombo,Retail,275.0,,275.0,
2026-06-17,GENERAL,Potato (Local),Rs./kg,Dambulla/Negombo,Retail,285.0,275.0,280.0,10.0
2026-06-18,GENERAL,Potato (Local),Rs./kg,Dambulla/Negombo,Retail,275.0,285.0,278.3333333333333,-10.0
2026-06-19,GENERAL,Potato (Local),Rs./kg,Dambulla/Negombo,Retail,280.0,275.0,278.75,5.0
2026-06-21,GENERAL,Potato (Local),Rs./kg,Dambulla/Negombo,Retail,280.0,280.0,279.0,0.0
2026-06-22,GENERAL,Potato (Local),Rs./kg,Dambulla/Negombo,Retail,280.0,280.0,279.1666666666667,0.0
2026-06-16,GENERAL,Potato (Local),Rs./kg,Dambulla/Negombo,Wholesale,255.0,,255.0,
2026-06-17,GENERAL,Potato (Local),Rs./kg,Dambulla/Negombo,Wholesale,265.0,255.0,260.0,10.0
2026-06-18,GENERAL,Potato (Local),Rs./kg,Dambulla/Negombo,Wholesale,255.0,265.0,258.3333333333333,-10.0
2026-06-19,GENERAL,Potato (Local),Rs./kg,Dambulla/Negombo,Wholesale,260.0,255.0,258.75,5.0
2026-06-21,GENERAL,Potato (Local),Rs./kg,Dambulla/Negombo,Wholesale,260.0,260.0,259.0,0.0
2026-06-22,GENERAL,Potato (Local),Rs./kg,Dambulla/Negombo,Wholesale,260.0,260.0,259.1666666666667,0.0
2026-06-16,GENERAL,Potato (Local),Rs./kg,Pettah/Peliyagoda,Retail,370.0,,370.0,
2026-06-17,GENERAL,Potato (Local),Rs./kg,Pettah/Peliyagoda,Retail,355.0,370.0,362.5,-15.0
2026-06-18,GENERAL,Potato (Local),Rs./kg,Pettah/Peliyagoda,Retail,330.0,355.0,351.6666666666667,-25.0
2026-06-19,GENERAL,Potato (Local),Rs./kg,Pettah/Peliyagoda,Retail,330.0,330.0,346.25,0.0
2026-06-21,GENERAL,Potato (Local),Rs./kg,Pettah/Peliyagoda,Retail,330.0,330.0,343.0,0.0
2026-06-22,GENERAL,Potato (Local),Rs./kg,Pettah/Peliyagoda,Retail,363.0,330.0,346.3333333333333,33.0
2026-06-16,GENERAL,Potato (Local),Rs./kg,Pettah/Peliyagoda,Wholesale,294.0,,294.0,
2026-06-17,GENERAL,Potato (Local),Rs./kg,Pettah/Peliyagoda,Wholesale,288.0,294.0,291.0,-6.0
2026-06-18,GENERAL,Potato (Local),Rs./kg,Pettah/Peliyagoda,Wholesale,280.0,288.0,287.3333333333333,-8.0
2026-06-19,GENERAL,Potato (Local),Rs./kg,Pettah/Peliyagoda,Wholesale,276.0,280.0,284.5,-4.0
2026-06-21,GENERAL,Potato (Local),Rs./kg,Pettah/Peliyagoda,Wholesale,276.0,276.0,282.8,0.0
2026-06-22,GENERAL,Potato (Local),Rs./kg,Pettah/Peliyagoda,Wholesale,295.0,276.0,284.8333333333333,19.0
2026-06-16,GENERAL,Pumpkin,Rs./kg,Dambulla/Negombo,Retail,85.0,,85.0,
2026-06-17,GENERAL,Pumpkin,Rs./kg,Dambulla/Negombo,Retail,123.0,85.0,104.0,38.0
2026-06-18,GENERAL,Pumpkin,Rs./kg,Dambulla/Negombo,Retail,115.0,123.0,107.66666666666667,-8.0
2026-06-19,GENERAL,Pumpkin,Rs./kg,Dambulla/Negombo,Retail,120.0,115.0,110.75,5.0
2026-06-21,GENERAL,Pumpkin,Rs./kg,Dambulla/Negombo,Retail,120.0,120.0,112.6,0.0
2026-06-22,GENERAL,Pumpkin,Rs./kg,Dambulla/Negombo,Retail,120.0,120.0,113.83333333333333,0.0
2026-06-16,GENERAL,Pumpkin,Rs./kg,Dambulla/Negombo,Wholesale,55.0,,55.0,
2026-06-17,GENERAL,Pumpkin,Rs./kg,Dambulla/Negombo,Wholesale,93.0,55.0,74.0,38.0
2026-06-18,GENERAL,Pumpkin,Rs./kg,Dambulla/Negombo,Wholesale,95.0,93.0,81.0,2.0
2026-06-19,GENERAL,Pumpkin,Rs./kg,Dambulla/Negombo,Wholesale,90.0,95.0,83.25,-5.0
2026-06-21,GENERAL,Pumpkin,Rs./kg,Dambulla/Negombo,Wholesale,90.0,90.0,84.6,0.0
2026-06-22,GENERAL,Pumpkin,Rs./kg,Dambulla/Negombo,Wholesale,90.0,90.0,85.5,0.0
2026-06-16,GENERAL,Pumpkin,Rs./kg,Pettah/Peliyagoda,Retail,130.0,,130.0,
2026-06-17,GENERAL,Pumpkin,Rs./kg,Pettah/Peliyagoda,Retail,130.0,130.0,130.0,0.0
2026-06-18,GENERAL,Pumpkin,Rs./kg,Pettah/Peliyagoda,Retail,130.0,130.0,130.0,0.0
2026-06-19,GENERAL,Pumpkin,Rs./kg,Pettah/Peliyagoda,Retail,160.0,130.0,137.5,30.0
2026-06-21,GENERAL,Pumpkin,Rs./kg,Pettah/Peliyagoda,Retail,160.0,160.0,142.0,0.0
2026-06-22,GENERAL,Pumpkin,Rs./kg,Pettah/Peliyagoda,Retail,170.0,160.0,146.66666666666666,10.0
2026-06-16,GENERAL,Pumpkin,Rs./kg,Pettah/Peliyagoda,Wholesale,80.0,,80.0,
2026-06-17,GENERAL,Pumpkin,Rs./kg,Pettah/Peliyagoda,Wholesale,80.0,80.0,80.0,0.0
2026-06-18,GENERAL,Pumpkin,Rs./kg,Pettah/Peliyagoda,Wholesale,80.0,80.0,80.0,0.0
2026-06-19,GENERAL,Pumpkin,Rs./kg,Pettah/Peliyagoda,Wholesale,120.0,80.0,90.0,40.0
2026-06-21,GENERAL,Pumpkin,Rs./kg,Pettah/Peliyagoda,Wholesale,120.0,120.0,96.0,0.0
2026-06-22,GENERAL,Pumpkin,Rs./kg,Pettah/Peliyagoda,Wholesale,120.0,120.0,100.0,0.0
2026-06-16,GENERAL,Red Dhal,Rs./kg,Pettah/Peliyagoda,Retail,253.0,,253.0,
2026-06-17,GENERAL,Red Dhal,Rs./kg,Pettah/Peliyagoda,Retail,253.0,253.0,253.0,0.0
2026-06-18,GENERAL,Red Dhal,Rs./kg,Pettah/Peliyagoda,Retail,253.0,253.0,253.0,0.0
2026-06-19,GENERAL,Red Dhal,Rs./kg,Pettah/Peliyagoda,Retail,253.0,253.0,253.0,0.0
2026-06-21,GENERAL,Red Dhal,Rs./kg,Pettah/Peliyagoda,Retail,253.0,253.0,253.0,0.0
2026-06-22,GENERAL,Red Dhal,Rs./kg,Pettah/Peliyagoda,Retail,252.0,253.0,252.83333333333334,-1.0
2026-06-16,GENERAL,Red Dhal,Rs./kg,Pettah/Peliyagoda,Wholesale,233.0,,233.0,
2026-06-17,GENERAL,Red Dhal,Rs./kg,Pettah/Peliyagoda,Wholesale,233.0,233.0,233.0,0.0
2026-06-18,GENERAL,Red Dhal,Rs./kg,Pettah/Peliyagoda,Wholesale,233.0,233.0,233.0,0.0
2026-06-19,GENERAL,Red Dhal,Rs./kg,Pettah/Peliyagoda,Wholesale,233.0,233.0,233.0,0.0
2026-06-21,GENERAL,Red Dhal,Rs./kg,Pettah/Peliyagoda,Wholesale,233.0,233.0,233.0,0.0
2026-06-22,GENERAL,Red Dhal,Rs./kg,Pettah/Peliyagoda,Wholesale,231.0,233.0,232.66666666666666,-2.0
2026-06-16,GENERAL,Red Onion (Local),Rs./kg,Dambulla/Negombo,Retail,295.0,,295.0,
2026-06-17,GENERAL,Red Onion (Local),Rs./kg,Dambulla/Negombo,Retail,295.0,295.0,295.0,0.0
2026-06-18,GENERAL,Red Onion (Local),Rs./kg,Dambulla/Negombo,Retail,365.0,295.0,318.3333333333333,70.0
2026-06-19,GENERAL,Red Onion (Local),Rs./kg,Dambulla/Negombo,Retail,345.0,365.0,325.0,-20.0
2026-06-21,GENERAL,Red Onion (Local),Rs./kg,Dambulla/Negombo,Retail,345.0,345.0,329.0,0.0
2026-06-22,GENERAL,Red Onion (Local),Rs./kg,Dambulla/Negombo,Retail,375.0,345.0,336.6666666666667,30.0
2026-06-16,GENERAL,Red Onion (Local),Rs./kg,Dambulla/Negombo,Wholesale,275.0,,275.0,
2026-06-17,GENERAL,Red Onion (Local),Rs./kg,Dambulla/Negombo,Wholesale,275.0,275.0,275.0,0.0
2026-06-18,GENERAL,Red Onion (Local),Rs./kg,Dambulla/Negombo,Wholesale,345.0,275.0,298.3333333333333,70.0
2026-06-19,GENERAL,Red Onion (Local),Rs./kg,Dambulla/Negombo,Wholesale,325.0,345.0,305.0,-20.0
2026-06-21,GENERAL,Red Onion (Local),Rs./kg,Dambulla/Negombo,Wholesale,325.0,325.0,309.0,0.0
2026-06-22,GENERAL,Red Onion (Local),Rs./kg,Dambulla/Negombo,Wholesale,355.0,325.0,316.6666666666667,30.0
2026-06-16,GENERAL,Red Onion (Local),Rs./kg,Pettah/Peliyagoda,Wholesale,383.0,,383.0,
2026-06-17,GENERAL,Red Onion (Local),Rs./kg,Pettah/Peliyagoda,Wholesale,380.0,383.0,381.5,-3.0
2026-06-18,GENERAL,Red Onion (Local),Rs./kg,Pettah/Peliyagoda,Wholesale,367.0,380.0,376.6666666666667,-13.0
2026-06-19,GENERAL,Red Onion (Local),Rs./kg,Pettah/Peliyagoda,Wholesale,367.0,367.0,374.25,0.0
2026-06-21,GENERAL,Red Onion (Local),Rs./kg,Pettah/Peliyagoda,Wholesale,367.0,367.0,372.8,0.0
2026-06-22,GENERAL,Red Onion (Local),Rs./kg,Pettah/Peliyagoda,Wholesale,347.0,367.0,368.5,-20.0
2026-06-16,GENERAL,Red Onion (lmp),Rs./kg,Dambulla/Negombo,Retail,355.0,,355.0,
2026-06-17,GENERAL,Red Onion (lmp),Rs./kg,Dambulla/Negombo,Retail,310.0,355.0,332.5,-45.0
2026-06-18,GENERAL,Red Onion (lmp),Rs./kg,Dambulla/Negombo,Retail,360.0,310.0,341.6666666666667,50.0
2026-06-19,GENERAL,Red Onion (lmp),Rs./kg,Dambulla/Negombo,Retail,325.0,360.0,337.5,-35.0
2026-06-21,GENERAL,Red Onion (lmp),Rs./kg,Dambulla/Negombo,Retail,325.0,325.0,335.0,0.0
2026-06-22,GENERAL,Red Onion (lmp),Rs./kg,Dambulla/Negombo,Retail,355.0,325.0,338.3333333333333,30.0
2026-06-16,GENERAL,Red Onion (lmp),Rs./kg,Dambulla/Negombo,Wholesale,335.0,,335.0,
2026-06-17,GENERAL,Red Onion (lmp),Rs./kg,Dambulla/Negombo,Wholesale,290.0,335.0,312.5,-45.0
2026-06-18,GENERAL,Red Onion (lmp),Rs./kg,Dambulla/Negombo,Wholesale,340.0,290.0,321.6666666666667,50.0
2026-06-19,GENERAL,Red Onion (lmp),Rs./kg,Dambulla/Negombo,Wholesale,305.0,340.0,317.5,-35.0
2026-06-21,GENERAL,Red Onion (lmp),Rs./kg,Dambulla/Negombo,Wholesale,305.0,305.0,315.0,0.0
2026-06-22,GENERAL,Red Onion (lmp),Rs./kg,Dambulla/Negombo,Wholesale,335.0,305.0,318.3333333333333,30.0
2026-06-16,GENERAL,Red Onion (lmp),Rs./kg,Pettah/Peliyagoda,Retail,380.0,,380.0,
2026-06-17,GENERAL,Red Onion (lmp),Rs./kg,Pettah/Peliyagoda,Retail,417.0,380.0,398.5,37.0
2026-06-18,GENERAL,Red Onion (lmp),Rs./kg,Pettah/Peliyagoda,Retail,417.0,417.0,404.6666666666667,0.0
2026-06-19,GENERAL,Red Onion (lmp),Rs./kg,Pettah/Peliyagoda,Retail,407.0,417.0,405.25,-10.0
2026-06-21,GENERAL,Red Onion (lmp),Rs./kg,Pettah/Peliyagoda,Retail,407.0,407.0,405.6,0.0
2026-06-22,GENERAL,Red Onion (lmp),Rs./kg,Pettah/Peliyagoda,Retail,413.0,407.0,406.8333333333333,6.0
2026-06-16,GENERAL,Red Onion (lmp),Rs./kg,Pettah/Peliyagoda,Wholesale,350.0,,350.0,
2026-06-17,GENERAL,Red Onion (lmp),Rs./kg,Pettah/Peliyagoda,Wholesale,340.0,350.0,345.0,-10.0
2026-06-18,GENERAL,Red Onion (lmp),Rs./kg,Pettah/Peliyagoda,Wholesale,340.0,340.0,343.3333333333333,0.0
2026-06-19,GENERAL,Red Onion (lmp),Rs./kg,Pettah/Peliyagoda,Wholesale,336.0,340.0,341.5,-4.0
2026-06-21,GENERAL,Red Onion (lmp),Rs./kg,Pettah/Peliyagoda,Wholesale,336.0,336.0,340.4,0.0
2026-06-22,GENERAL,Red Onion (lmp),Rs./kg,Pettah/Peliyagoda,Wholesale,326.0,336.0,338.0,-10.0
2026-06-16,GENERAL,Salaya,Rs./kg,Dambulla/Negombo,Retail,940.0,,940.0,
2026-06-17,GENERAL,Salaya,Rs./kg,Dambulla/Negombo,Retail,850.0,940.0,895.0,-90.0
2026-06-18,GENERAL,Salaya,Rs./kg,Dambulla/Negombo,Retail,690.0,850.0,826.6666666666666,-160.0
2026-06-19,GENERAL,Salaya,Rs./kg,Dambulla/Negombo,Retail,630.0,690.0,777.5,-60.0
2026-06-21,GENERAL,Salaya,Rs./kg,Dambulla/Negombo,Retail,630.0,630.0,748.0,0.0
2026-06-22,GENERAL,Salaya,Rs./kg,Dambulla/Negombo,Retail,850.0,630.0,765.0,220.0
2026-06-16,GENERAL,Salaya,Rs./kg,Dambulla/Negombo,Wholesale,820.0,,820.0,
2026-06-17,GENERAL,Salaya,Rs./kg,Dambulla/Negombo,Wholesale,720.0,820.0,770.0,-100.0
2026-06-18,GENERAL,Salaya,Rs./kg,Dambulla/Negombo,Wholesale,550.0,720.0,696.6666666666666,-170.0
2026-06-19,GENERAL,Salaya,Rs./kg,Dambulla/Negombo,Wholesale,500.0,550.0,647.5,-50.0
2026-06-21,GENERAL,Salaya,Rs./kg,Dambulla/Negombo,Wholesale,500.0,500.0,618.0,0.0
2026-06-22,GENERAL,Salaya,Rs./kg,Dambulla/Negombo,Wholesale,720.0,500.0,635.0,220.0
2026-06-16,GENERAL,Salaya,Rs./kg,Pettah/Peliyagoda,Wholesale,850.0,,850.0,
2026-06-17,GENERAL,Salaya,Rs./kg,Pettah/Peliyagoda,Wholesale,700.0,850.0,775.0,-150.0
2026-06-18,GENERAL,Salaya,Rs./kg,Pettah/Peliyagoda,Wholesale,550.0,700.0,700.0,-150.0
2026-06-19,GENERAL,Salaya,Rs./kg,Pettah/Peliyagoda,Wholesale,600.0,550.0,675.0,50.0
2026-06-21,GENERAL,Salaya,Rs./kg,Pettah/Peliyagoda,Wholesale,600.0,600.0,660.0,0.0
2026-06-22,GENERAL,Salaya,Rs./kg,Pettah/Peliyagoda,Wholesale,700.0,600.0,666.6666666666666,100.0
2026-06-16,GENERAL,Samba,Rs./kg,Dambulla/Negombo,Retail,245.0,,245.0,
2026-06-17,GENERAL,Samba,Rs./kg,Dambulla/Negombo,Retail,245.0,245.0,245.0,0.0
2026-06-18,GENERAL,Samba,Rs./kg,Dambulla/Negombo,Retail,245.0,245.0,245.0,0.0
2026-06-19,GENERAL,Samba,Rs./kg,Dambulla/Negombo,Retail,245.0,245.0,245.0,0.0
2026-06-21,GENERAL,Samba,Rs./kg,Dambulla/Negombo,Retail,245.0,245.0,245.0,0.0
2026-06-22,GENERAL,Samba,Rs./kg,Dambulla/Negombo,Retail,245.0,245.0,245.0,0.0
2026-06-16,GENERAL,Samba,Rs./kg,Dambulla/Negombo,Wholesale,245.0,,245.0,
2026-06-17,GENERAL,Samba,Rs./kg,Dambulla/Negombo,Wholesale,244.0,245.0,244.5,-1.0
2026-06-18,GENERAL,Samba,Rs./kg,Dambulla/Negombo,Wholesale,244.0,244.0,244.33333333333334,0.0
2026-06-19,GENERAL,Samba,Rs./kg,Dambulla/Negombo,Wholesale,243.0,244.0,244.0,-1.0
2026-06-21,GENERAL,Samba,Rs./kg,Dambulla/Negombo,Wholesale,243.0,243.0,243.8,0.0
2026-06-22,GENERAL,Samba,Rs./kg,Dambulla/Negombo,Wholesale,245.0,243.0,244.0,2.0
2026-06-16,GENERAL,Samba,Rs./kg,Pettah/Peliyagoda,Retail,250.0,,250.0,
2026-06-17,GENERAL,Samba,Rs./kg,Pettah/Peliyagoda,Retail,250.0,250.0,250.0,0.0
2026-06-18,GENERAL,Samba,Rs./kg,Pettah/Peliyagoda,Retail,250.0,250.0,250.0,0.0
2026-06-19,GENERAL,Samba,Rs./kg,Pettah/Peliyagoda,Retail,250.0,250.0,250.0,0.0
2026-06-21,GENERAL,Samba,Rs./kg,Pettah/Peliyagoda,Retail,250.0,250.0,250.0,0.0
2026-06-22,GENERAL,Samba,Rs./kg,Pettah/Peliyagoda,Retail,250.0,250.0,250.0,0.0
2026-06-16,GENERAL,Samba,Rs./kg,Pettah/Peliyagoda,Wholesale,245.0,,245.0,
2026-06-17,GENERAL,Samba,Rs./kg,Pettah/Peliyagoda,Wholesale,245.0,245.0,245.0,0.0
2026-06-18,GENERAL,Samba,Rs./kg,Pettah/Peliyagoda,Wholesale,245.0,245.0,245.0,0.0
2026-06-19,GENERAL,Samba,Rs./kg,Pettah/Peliyagoda,Wholesale,245.0,245.0,245.0,0.0
2026-06-21,GENERAL,Samba,Rs./kg,Pettah/Peliyagoda,Wholesale,245.0,245.0,245.0,0.0
2026-06-22,GENERAL,Samba,Rs./kg,Pettah/Peliyagoda,Wholesale,245.0,245.0,245.0,0.0
2026-06-16,GENERAL,Snake gourd,Rs./kg,Dambulla/Negombo,Retail,220.0,,220.0,
2026-06-17,GENERAL,Snake gourd,Rs./kg,Dambulla/Negombo,Retail,205.0,220.0,212.5,-15.0
2026-06-18,GENERAL,Snake gourd,Rs./kg,Dambulla/Negombo,Retail,200.0,205.0,208.33333333333334,-5.0
2026-06-19,GENERAL,Snake gourd,Rs./kg,Dambulla/Negombo,Retail,205.0,200.0,207.5,5.0
2026-06-21,GENERAL,Snake gourd,Rs./kg,Dambulla/Negombo,Retail,205.0,205.0,207.0,0.0
2026-06-22,GENERAL,Snake gourd,Rs./kg,Dambulla/Negombo,Retail,245.0,205.0,213.33333333333334,40.0
2026-06-16,GENERAL,Snake gourd,Rs./kg,Dambulla/Negombo,Wholesale,190.0,,190.0,
2026-06-17,GENERAL,Snake gourd,Rs./kg,Dambulla/Negombo,Wholesale,175.0,190.0,182.5,-15.0
2026-06-18,GENERAL,Snake gourd,Rs./kg,Dambulla/Negombo,Wholesale,170.0,175.0,178.33333333333334,-5.0
2026-06-19,GENERAL,Snake gourd,Rs./kg,Dambulla/Negombo,Wholesale,175.0,170.0,177.5,5.0
2026-06-21,GENERAL,Snake gourd,Rs./kg,Dambulla/Negombo,Wholesale,175.0,175.0,177.0,0.0
2026-06-22,GENERAL,Snake gourd,Rs./kg,Dambulla/Negombo,Wholesale,215.0,175.0,183.33333333333334,40.0
2026-06-16,GENERAL,Snake gourd,Rs./kg,Pettah/Peliyagoda,Retail,350.0,,350.0,
2026-06-17,GENERAL,Snake gourd,Rs./kg,Pettah/Peliyagoda,Retail,300.0,350.0,325.0,-50.0
2026-06-18,GENERAL,Snake gourd,Rs./kg,Pettah/Peliyagoda,Retail,300.0,300.0,316.6666666666667,0.0
2026-06-19,GENERAL,Snake gourd,Rs./kg,Pettah/Peliyagoda,Retail,300.0,300.0,312.5,0.0
2026-06-21,GENERAL,Snake gourd,Rs./kg,Pettah/Peliyagoda,Retail,300.0,300.0,310.0,0.0
2026-06-22,GENERAL,Snake gourd,Rs./kg,Pettah/Peliyagoda,Retail,350.0,300.0,316.6666666666667,50.0
2026-06-16,GENERAL,Snake gourd,Rs./kg,Pettah/Peliyagoda,Wholesale,300.0,,300.0,
2026-06-17,GENERAL,Snake gourd,Rs./kg,Pettah/Peliyagoda,Wholesale,250.0,300.0,275.0,-50.0
2026-06-18,GENERAL,Snake gourd,Rs./kg,Pettah/Peliyagoda,Wholesale,250.0,250.0,266.6666666666667,0.0
2026-06-19,GENERAL,Snake gourd,Rs./kg,Pettah/Peliyagoda,Wholesale,250.0,250.0,262.5,0.0
2026-06-21,GENERAL,Snake gourd,Rs./kg,Pettah/Peliyagoda,Wholesale,250.0,250.0,260.0,0.0
2026-06-22,GENERAL,Snake gourd,Rs./kg,Pettah/Peliyagoda,Wholesale,300.0,250.0,266.6666666666667,50.0
2026-06-16,GENERAL,Sprat (Imp),Rs./kg,Pettah/Peliyagoda,Retail,1317.0,,1317.0,
2026-06-17,GENERAL,Sprat (Imp),Rs./kg,Pettah/Peliyagoda,Retail,1383.0,1317.0,1350.0,66.0
2026-06-18,GENERAL,Sprat (Imp),Rs./kg,Pettah/Peliyagoda,Retail,1400.0,1383.0,1366.6666666666667,17.0
2026-06-19,GENERAL,Sprat (Imp),Rs./kg,Pettah/Peliyagoda,Retail,1400.0,1400.0,1375.0,0.0
2026-06-21,GENERAL,Sprat (Imp),Rs./kg,Pettah/Peliyagoda,Retail,1400.0,1400.0,1380.0,0.0
2026-06-22,GENERAL,Sprat (Imp),Rs./kg,Pettah/Peliyagoda,Retail,1417.0,1400.0,1386.1666666666667,17.0
2026-06-16,GENERAL,Sprat (Imp),Rs./kg,Pettah/Peliyagoda,Wholesale,1038.0,,1038.0,
2026-06-17,GENERAL,Sprat (Imp),Rs./kg,Pettah/Peliyagoda,Wholesale,1050.0,1038.0,1044.0,12.0
2026-06-18,GENERAL,Sprat (Imp),Rs./kg,Pettah/Peliyagoda,Wholesale,1088.0,1050.0,1058.6666666666667,38.0
2026-06-19,GENERAL,Sprat (Imp),Rs./kg,Pettah/Peliyagoda,Wholesale,1088.0,1088.0,1066.0,0.0
2026-06-21,GENERAL,Sprat (Imp),Rs./kg,Pettah/Peliyagoda,Wholesale,1088.0,1088.0,1070.4,0.0
2026-06-22,GENERAL,Sprat (Imp),Rs./kg,Pettah/Peliyagoda,Wholesale,1100.0,1088.0,1075.3333333333333,12.0
2026-06-16,GENERAL,Sugar (White),Rs./kg,Pettah/Peliyagoda,Retail,227.0,,227.0,
2026-06-17,GENERAL,Sugar (White),Rs./kg,Pettah/Peliyagoda,Retail,227.0,227.0,227.0,0.0
2026-06-18,GENERAL,Sugar (White),Rs./kg,Pettah/Peliyagoda,Retail,227.0,227.0,227.0,0.0
2026-06-19,GENERAL,Sugar (White),Rs./kg,Pettah/Peliyagoda,Retail,223.0,227.0,226.0,-4.0
2026-06-21,GENERAL,Sugar (White),Rs./kg,Pettah/Peliyagoda,Retail,223.0,223.0,225.4,0.0
2026-06-22,GENERAL,Sugar (White),Rs./kg,Pettah/Peliyagoda,Retail,223.0,223.0,225.0,0.0
2026-06-16,GENERAL,Sugar (White),Rs./kg,Pettah/Peliyagoda,Wholesale,205.0,,205.0,
2026-06-17,GENERAL,Sugar (White),Rs./kg,Pettah/Peliyagoda,Wholesale,208.0,205.0,206.5,3.0
2026-06-18,GENERAL,Sugar (White),Rs./kg,Pettah/Peliyagoda,Wholesale,208.0,208.0,207.0,0.0
2026-06-19,GENERAL,Sugar (White),Rs./kg,Pettah/Peliyagoda,Wholesale,207.0,208.0,207.0,-1.0
2026-06-21,GENERAL,Sugar (White),Rs./kg,Pettah/Peliyagoda,Wholesale,207.0,207.0,207.0,0.0
2026-06-22,GENERAL,Sugar (White),Rs./kg,Pettah/Peliyagoda,Wholesale,204.0,207.0,206.5,-3.0
2026-06-16,GENERAL,Thalapath,Rs./kg,Dambulla/Negombo,Retail,2770.0,,2770.0,
2026-06-17,GENERAL,Thalapath,Rs./kg,Dambulla/Negombo,Retail,2770.0,2770.0,2770.0,0.0
2026-06-18,GENERAL,Thalapath,Rs./kg,Dambulla/Negombo,Retail,2770.0,2770.0,2770.0,0.0
2026-06-22,GENERAL,Thalapath,Rs./kg,Dambulla/Negombo,Retail,2770.0,2770.0,2770.0,0.0
2026-06-16,GENERAL,Thalapath,Rs./kg,Dambulla/Negombo,Wholesale,2050.0,,2050.0,
2026-06-17,GENERAL,Thalapath,Rs./kg,Dambulla/Negombo,Wholesale,2050.0,2050.0,2050.0,0.0
2026-06-18,GENERAL,Thalapath,Rs./kg,Dambulla/Negombo,Wholesale,2050.0,2050.0,2050.0,0.0
2026-06-22,GENERAL,Thalapath,Rs./kg,Dambulla/Negombo,Wholesale,2050.0,2050.0,2050.0,0.0
2026-06-19,GENERAL,Thalapath,Rs./kg,Pettah/Peliyagoda,Wholesale,2200.0,,2200.0,
2026-06-21,GENERAL,Thalapath,Rs./kg,Pettah/Peliyagoda,Wholesale,2200.0,2200.0,2200.0,0.0
2026-06-16,GENERAL,Tomato,Rs./kg,Dambulla/Negombo,Retail,630.0,,630.0,
2026-06-17,GENERAL,Tomato,Rs./kg,Dambulla/Negombo,Retail,630.0,630.0,630.0,0.0
2026-06-18,GENERAL,Tomato,Rs./kg,Dambulla/Negombo,Retail,655.0,630.0,638.3333333333334,25.0
2026-06-19,GENERAL,Tomato,Rs./kg,Dambulla/Negombo,Retail,605.0,655.0,630.0,-50.0
2026-06-21,GENERAL,Tomato,Rs./kg,Dambulla/Negombo,Retail,605.0,605.0,625.0,0.0
2026-06-22,GENERAL,Tomato,Rs./kg,Dambulla/Negombo,Retail,555.0,605.0,613.3333333333334,-50.0
2026-06-16,GENERAL,Tomato,Rs./kg,Dambulla/Negombo,Wholesale,600.0,,600.0,
2026-06-17,GENERAL,Tomato,Rs./kg,Dambulla/Negombo,Wholesale,600.0,600.0,600.0,0.0
2026-06-18,GENERAL,Tomato,Rs./kg,Dambulla/Negombo,Wholesale,625.0,600.0,608.3333333333334,25.0
2026-06-19,GENERAL,Tomato,Rs./kg,Dambulla/Negombo,Wholesale,575.0,625.0,600.0,-50.0
2026-06-21,GENERAL,Tomato,Rs./kg,Dambulla/Negombo,Wholesale,575.0,575.0,595.0,0.0
2026-06-22,GENERAL,Tomato,Rs./kg,Dambulla/Negombo,Wholesale,525.0,575.0,583.3333333333334,-50.0
2026-06-16,GENERAL,Tomato,Rs./kg,Pettah/Peliyagoda,Retail,800.0,,800.0,
2026-06-17,GENERAL,Tomato,Rs./kg,Pettah/Peliyagoda,Retail,800.0,800.0,800.0,0.0
2026-06-18,GENERAL,Tomato,Rs./kg,Pettah/Peliyagoda,Retail,800.0,800.0,800.0,0.0
2026-06-19,GENERAL,Tomato,Rs./kg,Pettah/Peliyagoda,Retail,800.0,800.0,800.0,0.0
2026-06-21,GENERAL,Tomato,Rs./kg,Pettah/Peliyagoda,Retail,800.0,800.0,800.0,0.0
2026-06-22,GENERAL,Tomato,Rs./kg,Pettah/Peliyagoda,Retail,750.0,800.0,791.6666666666666,-50.0
2026-06-16,GENERAL,Tomato,Rs./kg,Pettah/Peliyagoda,Wholesale,750.0,,750.0,
2026-06-17,GENERAL,Tomato,Rs./kg,Pettah/Peliyagoda,Wholesale,750.0,750.0,750.0,0.0
2026-06-18,GENERAL,Tomato,Rs./kg,Pettah/Peliyagoda,Wholesale,750.0,750.0,750.0,0.0
2026-06-19,GENERAL,Tomato,Rs./kg,Pettah/Peliyagoda,Wholesale,750.0,750.0,750.0,0.0
2026-06-21,GENERAL,Tomato,Rs./kg,Pettah/Peliyagoda,Wholesale,750.0,750.0,750.0,0.0
2026-06-22,GENERAL,Tomato,Rs./kg,Pettah/Peliyagoda,Wholesale,700.0,750.0,741.6666666666666,-50.0
